siteId,date,beginH,lengthH,guardId
2,2022-04-01,6,12,0
2,2022-04-01,18,12,0
3,2022-04-01,7,8,-1
3,2022-04-01,15,8,-1
3,2022-04-01,23,8,-1
6,2022-04-01,6,8,0
6,2022-04-01,14,8,0
6,2022-04-01,22,8,0
9,2022-04-01,6.5,8,0
9,2022-04-01,14.5,8,0
9,2022-04-01,22.5,8,0
2,2022-04-02,6,12,0
2,2022-04-02,18,12,0
3,2022-04-02,7,8,-1
3,2022-04-02,15,8,-1
3,2022-04-02,23,8,-1
6,2022-04-02,6,8,0
6,2022-04-02,14,8,0
6,2022-04-02,22,8,0
9,2022-04-02,6.5,8,0
9,2022-04-02,14.5,8,0
9,2022-04-02,22.5,8,0
2,2022-04-03,6,12,-1
2,2022-04-03,18,12,0
3,2022-04-03,7,8,-1
3,2022-04-03,15,8,0
3,2022-04-03,23,8,0
6,2022-04-03,6,8,0
6,2022-04-03,14,8,0
6,2022-04-03,22,8,0
9,2022-04-03,6.5,8,0
9,2022-04-03,14.5,8,0
9,2022-04-03,22.5,8,0
2,2022-04-04,6,12,-1
2,2022-04-04,18,12,0
3,2022-04-04,7,8,-1
3,2022-04-04,15,8,0
3,2022-04-04,23,8,0
6,2022-04-04,6,8,0
6,2022-04-04,14,8,0
6,2022-04-04,22,8,0
9,2022-04-04,6.5,8,0
9,2022-04-04,14.5,8,0
9,2022-04-04,22.5,8,0
2,2022-04-05,6,12,-1
2,2022-04-05,18,12,0
3,2022-04-05,7,8,-1
3,2022-04-05,15,8,0
3,2022-04-05,23,8,0
6,2022-04-05,6,8,0
6,2022-04-05,14,8,0
6,2022-04-05,22,8,0
9,2022-04-05,6.5,8,0
9,2022-04-05,14.5,8,0
9,2022-04-05,22.5,8,0
2,2022-04-06,6,12,-1
2,2022-04-06,18,12,0
3,2022-04-06,7,8,-1
3,2022-04-06,15,8,0
3,2022-04-06,23,8,0
6,2022-04-06,6,8,0
6,2022-04-06,14,8,0
6,2022-04-06,22,8,0
9,2022-04-06,6.5,8,0
9,2022-04-06,14.5,8,0
9,2022-04-06,22.5,8,0
2,2022-04-07,6,12,-1
2,2022-04-07,18,12,0
3,2022-04-07,7,8,-1
3,2022-04-07,15,8,0
3,2022-04-07,23,8,0
6,2022-04-07,6,8,0
6,2022-04-07,14,8,0
6,2022-04-07,22,8,0
9,2022-04-07,6.5,8,0
9,2022-04-07,14.5,8,0
9,2022-04-07,22.5,8,0
2,2022-04-08,6,12,0
2,2022-04-08,18,12,0
3,2022-04-08,7,8,-1
3,2022-04-08,15,8,-1
3,2022-04-08,23,8,-1
6,2022-04-08,6,8,0
6,2022-04-08,14,8,0
6,2022-04-08,22,8,0
9,2022-04-08,6.5,8,0
9,2022-04-08,14.5,8,0
9,2022-04-08,22.5,8,0
2,2022-04-09,6,12,0
2,2022-04-09,18,12,0
3,2022-04-09,7,8,-1
3,2022-04-09,15,8,-1
3,2022-04-09,23,8,-1
6,2022-04-09,6,8,0
6,2022-04-09,14,8,0
6,2022-04-09,22,8,0
9,2022-04-09,6.5,8,0
9,2022-04-09,14.5,8,0
9,2022-04-09,22.5,8,0
2,2022-04-10,6,12,-1
2,2022-04-10,18,12,0
3,2022-04-10,7,8,-1
3,2022-04-10,15,8,0
3,2022-04-10,23,8,0
6,2022-04-10,6,8,0
6,2022-04-10,14,8,0
6,2022-04-10,22,8,0
9,2022-04-10,6.5,8,0
9,2022-04-10,14.5,8,0
9,2022-04-10,22.5,8,0
2,2022-04-11,6,12,-1
2,2022-04-11,18,12,0
3,2022-04-11,7,8,-1
3,2022-04-11,15,8,0
3,2022-04-11,23,8,0
6,2022-04-11,6,8,0
6,2022-04-11,14,8,0
6,2022-04-11,22,8,0
9,2022-04-11,6.5,8,0
9,2022-04-11,14.5,8,0
9,2022-04-11,22.5,8,0
2,2022-04-12,6,12,-1
2,2022-04-12,18,12,0
3,2022-04-12,7,8,-1
3,2022-04-12,15,8,0
3,2022-04-12,23,8,0
6,2022-04-12,6,8,0
6,2022-04-12,14,8,0
6,2022-04-12,22,8,0
9,2022-04-12,6.5,8,0
9,2022-04-12,14.5,8,0
9,2022-04-12,22.5,8,0
2,2022-04-13,6,12,-1
2,2022-04-13,18,12,0
3,2022-04-13,7,8,-1
3,2022-04-13,15,8,0
3,2022-04-13,23,8,0
6,2022-04-13,6,8,0
6,2022-04-13,14,8,0
6,2022-04-13,22,8,0
9,2022-04-13,6.5,8,0
9,2022-04-13,14.5,8,0
9,2022-04-13,22.5,8,0
2,2022-04-14,6,12,-1
2,2022-04-14,18,12,0
3,2022-04-14,7,8,-1
3,2022-04-14,15,8,0
3,2022-04-14,23,8,0
6,2022-04-14,6,8,0
6,2022-04-14,14,8,0
6,2022-04-14,22,8,0
9,2022-04-14,6.5,8,0
9,2022-04-14,14.5,8,0
9,2022-04-14,22.5,8,0
2,2022-04-15,6,12,0
2,2022-04-15,18,12,0
3,2022-04-15,7,8,-1
3,2022-04-15,15,8,-1
3,2022-04-15,23,8,-1
6,2022-04-15,6,8,0
6,2022-04-15,14,8,0
6,2022-04-15,22,8,0
9,2022-04-15,6.5,8,0
9,2022-04-15,14.5,8,0
9,2022-04-15,22.5,8,0
2,2022-04-16,6,12,0
2,2022-04-16,18,12,0
3,2022-04-16,7,8,-1
3,2022-04-16,15,8,-1
3,2022-04-16,23,8,-1
6,2022-04-16,6,8,0
6,2022-04-16,14,8,0
6,2022-04-16,22,8,0
9,2022-04-16,6.5,8,0
9,2022-04-16,14.5,8,0
9,2022-04-16,22.5,8,0
2,2022-04-17,6,12,-1
2,2022-04-17,18,12,0
3,2022-04-17,7,8,-1
3,2022-04-17,15,8,0
3,2022-04-17,23,8,0
6,2022-04-17,6,8,0
6,2022-04-17,14,8,0
6,2022-04-17,22,8,0
9,2022-04-17,6.5,8,0
9,2022-04-17,14.5,8,0
9,2022-04-17,22.5,8,0
2,2022-04-18,6,12,-1
2,2022-04-18,18,12,0
3,2022-04-18,7,8,-1
3,2022-04-18,15,8,0
3,2022-04-18,23,8,0
6,2022-04-18,6,8,0
6,2022-04-18,14,8,0
6,2022-04-18,22,8,0
9,2022-04-18,6.5,8,0
9,2022-04-18,14.5,8,0
9,2022-04-18,22.5,8,0
2,2022-04-19,6,12,-1
2,2022-04-19,18,12,0
3,2022-04-19,7,8,-1
3,2022-04-19,15,8,0
3,2022-04-19,23,8,0
6,2022-04-19,6,8,0
6,2022-04-19,14,8,0
6,2022-04-19,22,8,0
9,2022-04-19,6.5,8,0
9,2022-04-19,14.5,8,0
9,2022-04-19,22.5,8,0
2,2022-04-20,6,12,-1
2,2022-04-20,18,12,0
3,2022-04-20,7,8,-1
3,2022-04-20,15,8,0
3,2022-04-20,23,8,0
6,2022-04-20,6,8,0
6,2022-04-20,14,8,0
6,2022-04-20,22,8,0
9,2022-04-20,6.5,8,0
9,2022-04-20,14.5,8,0
9,2022-04-20,22.5,8,0
2,2022-04-21,6,12,-1
2,2022-04-21,18,12,0
3,2022-04-21,7,8,-1
3,2022-04-21,15,8,0
3,2022-04-21,23,8,0
6,2022-04-21,6,8,0
6,2022-04-21,14,8,0
6,2022-04-21,22,8,0
9,2022-04-21,6.5,8,0
9,2022-04-21,14.5,8,0
9,2022-04-21,22.5,8,0
2,2022-04-22,6,12,0
2,2022-04-22,18,12,0
3,2022-04-22,7,8,-1
3,2022-04-22,15,8,-1
3,2022-04-22,23,8,-1
6,2022-04-22,6,8,0
6,2022-04-22,14,8,0
6,2022-04-22,22,8,0
9,2022-04-22,6.5,8,0
9,2022-04-22,14.5,8,0
9,2022-04-22,22.5,8,0
2,2022-04-23,6,12,0
2,2022-04-23,18,12,0
3,2022-04-23,7,8,-1
3,2022-04-23,15,8,-1
3,2022-04-23,23,8,-1
6,2022-04-23,6,8,0
6,2022-04-23,14,8,0
6,2022-04-23,22,8,0
9,2022-04-23,6.5,8,0
9,2022-04-23,14.5,8,0
9,2022-04-23,22.5,8,0
2,2022-04-24,6,12,-1
2,2022-04-24,18,12,0
3,2022-04-24,7,8,-1
3,2022-04-24,15,8,0
3,2022-04-24,23,8,0
6,2022-04-24,6,8,0
6,2022-04-24,14,8,0
6,2022-04-24,22,8,0
9,2022-04-24,6.5,8,0
9,2022-04-24,14.5,8,0
9,2022-04-24,22.5,8,0
2,2022-04-25,6,12,-1
2,2022-04-25,18,12,0
3,2022-04-25,7,8,-1
3,2022-04-25,15,8,0
3,2022-04-25,23,8,0
6,2022-04-25,6,8,0
6,2022-04-25,14,8,0
6,2022-04-25,22,8,0
9,2022-04-25,6.5,8,0
9,2022-04-25,14.5,8,0
9,2022-04-25,22.5,8,0
2,2022-04-26,6,12,-1
2,2022-04-26,18,12,0
3,2022-04-26,7,8,-1
3,2022-04-26,15,8,0
3,2022-04-26,23,8,0
6,2022-04-26,6,8,0
6,2022-04-26,14,8,0
6,2022-04-26,22,8,0
9,2022-04-26,6.5,8,0
9,2022-04-26,14.5,8,0
9,2022-04-26,22.5,8,0
2,2022-04-27,6,12,-1
2,2022-04-27,18,12,0
3,2022-04-27,7,8,-1
3,2022-04-27,15,8,0
3,2022-04-27,23,8,0
6,2022-04-27,6,8,0
6,2022-04-27,14,8,0
6,2022-04-27,22,8,0
9,2022-04-27,6.5,8,0
9,2022-04-27,14.5,8,0
9,2022-04-27,22.5,8,0
2,2022-04-28,6,12,-1
2,2022-04-28,18,12,0
3,2022-04-28,7,8,-1
3,2022-04-28,15,8,0
3,2022-04-28,23,8,0
6,2022-04-28,6,8,0
6,2022-04-28,14,8,0
6,2022-04-28,22,8,0
9,2022-04-28,6.5,8,0
9,2022-04-28,14.5,8,0
9,2022-04-28,22.5,8,0
2,2022-04-29,6,12,0
2,2022-04-29,18,12,0
3,2022-04-29,7,8,-1
3,2022-04-29,15,8,-1
3,2022-04-29,23,8,-1
6,2022-04-29,6,8,0
6,2022-04-29,14,8,0
6,2022-04-29,22,8,0
9,2022-04-29,6.5,8,0
9,2022-04-29,14.5,8,0
9,2022-04-29,22.5,8,0
2,2022-04-30,6,12,0
2,2022-04-30,18,12,0
3,2022-04-30,7,8,-1
3,2022-04-30,15,8,-1
3,2022-04-30,23,8,-1
6,2022-04-30,6,8,0
6,2022-04-30,14,8,0
6,2022-04-30,22,8,0
9,2022-04-30,6.5,8,0
9,2022-04-30,14.5,8,0
9,2022-04-30,22.5,8,0
2,2022-05-01,6,12,-1
2,2022-05-01,18,12,0
3,2022-05-01,7,8,-1
3,2022-05-01,15,8,0
3,2022-05-01,23,8,0
6,2022-05-01,6,8,0
6,2022-05-01,14,8,0
6,2022-05-01,22,8,0
9,2022-05-01,6.5,8,0
9,2022-05-01,14.5,8,0
9,2022-05-01,22.5,8,0
2,2022-05-01,6,12,-1
2,2022-05-01,18,12,0
3,2022-05-01,7,8,-1
3,2022-05-01,15,8,0
3,2022-05-01,23,8,0
6,2022-05-01,6,8,0
6,2022-05-01,14,8,0
6,2022-05-01,22,8,0
9,2022-05-01,6.5,8,0
9,2022-05-01,14.5,8,0
9,2022-05-01,22.5,8,0
2,2022-05-02,6,12,-1
2,2022-05-02,18,12,0
3,2022-05-02,7,8,-1
3,2022-05-02,15,8,0
3,2022-05-02,23,8,0
6,2022-05-02,6,8,0
6,2022-05-02,14,8,0
6,2022-05-02,22,8,0
9,2022-05-02,6.5,8,0
9,2022-05-02,14.5,8,0
9,2022-05-02,22.5,8,0
2,2022-05-03,6,12,-1
2,2022-05-03,18,12,0
3,2022-05-03,7,8,-1
3,2022-05-03,15,8,0
3,2022-05-03,23,8,0
6,2022-05-03,6,8,0
6,2022-05-03,14,8,0
6,2022-05-03,22,8,0
9,2022-05-03,6.5,8,0
9,2022-05-03,14.5,8,0
9,2022-05-03,22.5,8,0
2,2022-05-04,6,12,-1
2,2022-05-04,18,12,0
3,2022-05-04,7,8,-1
3,2022-05-04,15,8,0
3,2022-05-04,23,8,0
6,2022-05-04,6,8,0
6,2022-05-04,14,8,0
6,2022-05-04,22,8,0
9,2022-05-04,6.5,8,0
9,2022-05-04,14.5,8,0
9,2022-05-04,22.5,8,0
2,2022-05-05,6,12,-1
2,2022-05-05,18,12,0
3,2022-05-05,7,8,-1
3,2022-05-05,15,8,0
3,2022-05-05,23,8,0
6,2022-05-05,6,8,0
6,2022-05-05,14,8,0
6,2022-05-05,22,8,0
9,2022-05-05,6.5,8,0
9,2022-05-05,14.5,8,0
9,2022-05-05,22.5,8,0
2,2022-05-06,6,12,0
2,2022-05-06,18,12,0
3,2022-05-06,7,8,-1
3,2022-05-06,15,8,-1
3,2022-05-06,23,8,-1
6,2022-05-06,6,8,0
6,2022-05-06,14,8,0
6,2022-05-06,22,8,0
9,2022-05-06,6.5,8,0
9,2022-05-06,14.5,8,0
9,2022-05-06,22.5,8,0
2,2022-05-07,6,12,0
2,2022-05-07,18,12,0
3,2022-05-07,7,8,-1
3,2022-05-07,15,8,-1
3,2022-05-07,23,8,-1
6,2022-05-07,6,8,0
6,2022-05-07,14,8,0
6,2022-05-07,22,8,0
9,2022-05-07,6.5,8,0
9,2022-05-07,14.5,8,0
9,2022-05-07,22.5,8,0
2,2022-05-08,6,12,-1
2,2022-05-08,18,12,0
3,2022-05-08,7,8,-1
3,2022-05-08,15,8,0
3,2022-05-08,23,8,0
6,2022-05-08,6,8,0
6,2022-05-08,14,8,0
6,2022-05-08,22,8,0
9,2022-05-08,6.5,8,0
9,2022-05-08,14.5,8,0
9,2022-05-08,22.5,8,0
2,2022-05-09,6,12,-1
2,2022-05-09,18,12,0
3,2022-05-09,7,8,-1
3,2022-05-09,15,8,0
3,2022-05-09,23,8,0
6,2022-05-09,6,8,0
6,2022-05-09,14,8,0
6,2022-05-09,22,8,0
9,2022-05-09,6.5,8,0
9,2022-05-09,14.5,8,0
9,2022-05-09,22.5,8,0
2,2022-05-10,6,12,-1
2,2022-05-10,18,12,0
3,2022-05-10,7,8,-1
3,2022-05-10,15,8,0
3,2022-05-10,23,8,0
6,2022-05-10,6,8,0
6,2022-05-10,14,8,0
6,2022-05-10,22,8,0
9,2022-05-10,6.5,8,0
9,2022-05-10,14.5,8,0
9,2022-05-10,22.5,8,0
2,2022-05-11,6,12,-1
2,2022-05-11,18,12,0
3,2022-05-11,7,8,-1
3,2022-05-11,15,8,0
3,2022-05-11,23,8,0
6,2022-05-11,6,8,0
6,2022-05-11,14,8,0
6,2022-05-11,22,8,0
9,2022-05-11,6.5,8,0
9,2022-05-11,14.5,8,0
9,2022-05-11,22.5,8,0
2,2022-05-12,6,12,-1
2,2022-05-12,18,12,0
3,2022-05-12,7,8,-1
3,2022-05-12,15,8,0
3,2022-05-12,23,8,0
6,2022-05-12,6,8,0
6,2022-05-12,14,8,0
6,2022-05-12,22,8,0
9,2022-05-12,6.5,8,0
9,2022-05-12,14.5,8,0
9,2022-05-12,22.5,8,0
2,2022-05-13,6,12,0
2,2022-05-13,18,12,0
3,2022-05-13,7,8,-1
3,2022-05-13,15,8,-1
3,2022-05-13,23,8,-1
6,2022-05-13,6,8,0
6,2022-05-13,14,8,0
6,2022-05-13,22,8,0
9,2022-05-13,6.5,8,0
9,2022-05-13,14.5,8,0
9,2022-05-13,22.5,8,0
2,2022-05-14,6,12,0
2,2022-05-14,18,12,0
3,2022-05-14,7,8,-1
3,2022-05-14,15,8,-1
3,2022-05-14,23,8,-1
6,2022-05-14,6,8,0
6,2022-05-14,14,8,0
6,2022-05-14,22,8,0
9,2022-05-14,6.5,8,0
9,2022-05-14,14.5,8,0
9,2022-05-14,22.5,8,0
2,2022-05-15,6,12,-1
2,2022-05-15,18,12,0
3,2022-05-15,7,8,-1
3,2022-05-15,15,8,0
3,2022-05-15,23,8,0
6,2022-05-15,6,8,0
6,2022-05-15,14,8,0
6,2022-05-15,22,8,0
9,2022-05-15,6.5,8,0
9,2022-05-15,14.5,8,0
9,2022-05-15,22.5,8,0
2,2022-05-16,6,12,-1
2,2022-05-16,18,12,0
3,2022-05-16,7,8,-1
3,2022-05-16,15,8,0
3,2022-05-16,23,8,0
6,2022-05-16,6,8,0
6,2022-05-16,14,8,0
6,2022-05-16,22,8,0
9,2022-05-16,6.5,8,0
9,2022-05-16,14.5,8,0
9,2022-05-16,22.5,8,0
2,2022-05-17,6,12,-1
2,2022-05-17,18,12,0
3,2022-05-17,7,8,-1
3,2022-05-17,15,8,0
3,2022-05-17,23,8,0
6,2022-05-17,6,8,0
6,2022-05-17,14,8,0
6,2022-05-17,22,8,0
9,2022-05-17,6.5,8,0
9,2022-05-17,14.5,8,0
9,2022-05-17,22.5,8,0
2,2022-05-18,6,12,-1
2,2022-05-18,18,12,0
3,2022-05-18,7,8,-1
3,2022-05-18,15,8,0
3,2022-05-18,23,8,0
6,2022-05-18,6,8,0
6,2022-05-18,14,8,0
6,2022-05-18,22,8,0
9,2022-05-18,6.5,8,0
9,2022-05-18,14.5,8,0
9,2022-05-18,22.5,8,0
2,2022-05-19,6,12,-1
2,2022-05-19,18,12,0
3,2022-05-19,7,8,-1
3,2022-05-19,15,8,0
3,2022-05-19,23,8,0
6,2022-05-19,6,8,0
6,2022-05-19,14,8,0
6,2022-05-19,22,8,0
9,2022-05-19,6.5,8,0
9,2022-05-19,14.5,8,0
9,2022-05-19,22.5,8,0
2,2022-05-20,6,12,0
2,2022-05-20,18,12,0
3,2022-05-20,7,8,-1
3,2022-05-20,15,8,-1
3,2022-05-20,23,8,-1
6,2022-05-20,6,8,0
6,2022-05-20,14,8,0
6,2022-05-20,22,8,0
9,2022-05-20,6.5,8,0
9,2022-05-20,14.5,8,0
9,2022-05-20,22.5,8,0
2,2022-05-21,6,12,0
2,2022-05-21,18,12,0
3,2022-05-21,7,8,-1
3,2022-05-21,15,8,-1
3,2022-05-21,23,8,-1
6,2022-05-21,6,8,0
6,2022-05-21,14,8,0
6,2022-05-21,22,8,0
9,2022-05-21,6.5,8,0
9,2022-05-21,14.5,8,0
9,2022-05-21,22.5,8,0
2,2022-05-22,6,12,-1
2,2022-05-22,18,12,0
3,2022-05-22,7,8,-1
3,2022-05-22,15,8,0
3,2022-05-22,23,8,0
6,2022-05-22,6,8,0
6,2022-05-22,14,8,0
6,2022-05-22,22,8,0
9,2022-05-22,6.5,8,0
9,2022-05-22,14.5,8,0
9,2022-05-22,22.5,8,0
2,2022-05-23,6,12,-1
2,2022-05-23,18,12,0
3,2022-05-23,7,8,-1
3,2022-05-23,15,8,0
3,2022-05-23,23,8,0
6,2022-05-23,6,8,0
6,2022-05-23,14,8,0
6,2022-05-23,22,8,0
9,2022-05-23,6.5,8,0
9,2022-05-23,14.5,8,0
9,2022-05-23,22.5,8,0
2,2022-05-24,6,12,-1
2,2022-05-24,18,12,0
3,2022-05-24,7,8,-1
3,2022-05-24,15,8,0
3,2022-05-24,23,8,0
6,2022-05-24,6,8,0
6,2022-05-24,14,8,0
6,2022-05-24,22,8,0
9,2022-05-24,6.5,8,0
9,2022-05-24,14.5,8,0
9,2022-05-24,22.5,8,0
2,2022-05-25,6,12,-1
2,2022-05-25,18,12,0
3,2022-05-25,7,8,-1
3,2022-05-25,15,8,0
3,2022-05-25,23,8,0
6,2022-05-25,6,8,0
6,2022-05-25,14,8,0
6,2022-05-25,22,8,0
9,2022-05-25,6.5,8,0
9,2022-05-25,14.5,8,0
9,2022-05-25,22.5,8,0
2,2022-05-26,6,12,-1
2,2022-05-26,18,12,0
3,2022-05-26,7,8,-1
3,2022-05-26,15,8,0
3,2022-05-26,23,8,0
6,2022-05-26,6,8,0
6,2022-05-26,14,8,0
6,2022-05-26,22,8,0
9,2022-05-26,6.5,8,0
9,2022-05-26,14.5,8,0
9,2022-05-26,22.5,8,0
2,2022-05-27,6,12,0
2,2022-05-27,18,12,0
3,2022-05-27,7,8,-1
3,2022-05-27,15,8,-1
3,2022-05-27,23,8,-1
6,2022-05-27,6,8,0
6,2022-05-27,14,8,0
6,2022-05-27,22,8,0
9,2022-05-27,6.5,8,0
9,2022-05-27,14.5,8,0
9,2022-05-27,22.5,8,0
2,2022-05-28,6,12,0
2,2022-05-28,18,12,0
3,2022-05-28,7,8,-1
3,2022-05-28,15,8,-1
3,2022-05-28,23,8,-1
6,2022-05-28,6,8,0
6,2022-05-28,14,8,0
6,2022-05-28,22,8,0
9,2022-05-28,6.5,8,0
9,2022-05-28,14.5,8,0
9,2022-05-28,22.5,8,0
2,2022-05-29,6,12,-1
2,2022-05-29,18,12,0
3,2022-05-29,7,8,-1
3,2022-05-29,15,8,0
3,2022-05-29,23,8,0
6,2022-05-29,6,8,0
6,2022-05-29,14,8,0
6,2022-05-29,22,8,0
9,2022-05-29,6.5,8,0
9,2022-05-29,14.5,8,0
9,2022-05-29,22.5,8,0
2,2022-05-30,6,12,-1
2,2022-05-30,18,12,0
3,2022-05-30,7,8,-1
3,2022-05-30,15,8,0
3,2022-05-30,23,8,0
6,2022-05-30,6,8,0
6,2022-05-30,14,8,0
6,2022-05-30,22,8,0
9,2022-05-30,6.5,8,0
9,2022-05-30,14.5,8,0
9,2022-05-30,22.5,8,0
2,2022-06-01,6,12,-1
2,2022-06-01,18,12,0
3,2022-06-01,7,8,-1
3,2022-06-01,15,8,0
3,2022-06-01,23,8,0
6,2022-06-01,6,8,0
6,2022-06-01,14,8,0
6,2022-06-01,22,8,0
9,2022-06-01,6.5,8,0
9,2022-06-01,14.5,8,0
9,2022-06-01,22.5,8,0
2,2022-06-02,6,12,-1
2,2022-06-02,18,12,0
3,2022-06-02,7,8,-1
3,2022-06-02,15,8,0
3,2022-06-02,23,8,0
6,2022-06-02,6,8,0
6,2022-06-02,14,8,0
6,2022-06-02,22,8,0
9,2022-06-02,6.5,8,0
9,2022-06-02,14.5,8,0
9,2022-06-02,22.5,8,0
2,2022-06-03,6,12,0
2,2022-06-03,18,12,0
3,2022-06-03,7,8,-1
3,2022-06-03,15,8,-1
3,2022-06-03,23,8,-1
6,2022-06-03,6,8,0
6,2022-06-03,14,8,0
6,2022-06-03,22,8,0
9,2022-06-03,6.5,8,0
9,2022-06-03,14.5,8,0
9,2022-06-03,22.5,8,0
2,2022-06-04,6,12,0
2,2022-06-04,18,12,0
3,2022-06-04,7,8,-1
3,2022-06-04,15,8,-1
3,2022-06-04,23,8,-1
6,2022-06-04,6,8,0
6,2022-06-04,14,8,0
6,2022-06-04,22,8,0
9,2022-06-04,6.5,8,0
9,2022-06-04,14.5,8,0
9,2022-06-04,22.5,8,0
2,2022-06-05,6,12,-1
2,2022-06-05,18,12,0
3,2022-06-05,7,8,-1
3,2022-06-05,15,8,0
3,2022-06-05,23,8,0
6,2022-06-05,6,8,0
6,2022-06-05,14,8,0
6,2022-06-05,22,8,0
9,2022-06-05,6.5,8,0
9,2022-06-05,14.5,8,0
9,2022-06-05,22.5,8,0
2,2022-06-06,6,12,-1
2,2022-06-06,18,12,0
3,2022-06-06,7,8,-1
3,2022-06-06,15,8,0
3,2022-06-06,23,8,0
6,2022-06-06,6,8,0
6,2022-06-06,14,8,0
6,2022-06-06,22,8,0
9,2022-06-06,6.5,8,0
9,2022-06-06,14.5,8,0
9,2022-06-06,22.5,8,0
2,2022-06-07,6,12,-1
2,2022-06-07,18,12,0
3,2022-06-07,7,8,-1
3,2022-06-07,15,8,0
3,2022-06-07,23,8,0
6,2022-06-07,6,8,0
6,2022-06-07,14,8,0
6,2022-06-07,22,8,0
9,2022-06-07,6.5,8,0
9,2022-06-07,14.5,8,0
9,2022-06-07,22.5,8,0
2,2022-06-08,6,12,-1
2,2022-06-08,18,12,0
3,2022-06-08,7,8,-1
3,2022-06-08,15,8,0
3,2022-06-08,23,8,0
6,2022-06-08,6,8,0
6,2022-06-08,14,8,0
6,2022-06-08,22,8,0
9,2022-06-08,6.5,8,0
9,2022-06-08,14.5,8,0
9,2022-06-08,22.5,8,0
2,2022-06-09,6,12,-1
2,2022-06-09,18,12,0
3,2022-06-09,7,8,-1
3,2022-06-09,15,8,0
3,2022-06-09,23,8,0
6,2022-06-09,6,8,0
6,2022-06-09,14,8,0
6,2022-06-09,22,8,0
9,2022-06-09,6.5,8,0
9,2022-06-09,14.5,8,0
9,2022-06-09,22.5,8,0
2,2022-06-10,6,12,0
2,2022-06-10,18,12,0
3,2022-06-10,7,8,-1
3,2022-06-10,15,8,-1
3,2022-06-10,23,8,-1
6,2022-06-10,6,8,0
6,2022-06-10,14,8,0
6,2022-06-10,22,8,0
9,2022-06-10,6.5,8,0
9,2022-06-10,14.5,8,0
9,2022-06-10,22.5,8,0
2,2022-06-11,6,12,0
2,2022-06-11,18,12,0
3,2022-06-11,7,8,-1
3,2022-06-11,15,8,-1
3,2022-06-11,23,8,-1
6,2022-06-11,6,8,0
6,2022-06-11,14,8,0
6,2022-06-11,22,8,0
9,2022-06-11,6.5,8,0
9,2022-06-11,14.5,8,0
9,2022-06-11,22.5,8,0
2,2022-06-12,6,12,-1
2,2022-06-12,18,12,0
3,2022-06-12,7,8,-1
3,2022-06-12,15,8,0
3,2022-06-12,23,8,0
6,2022-06-12,6,8,0
6,2022-06-12,14,8,0
6,2022-06-12,22,8,0
9,2022-06-12,6.5,8,0
9,2022-06-12,14.5,8,0
9,2022-06-12,22.5,8,0
2,2022-06-13,6,12,-1
2,2022-06-13,18,12,0
3,2022-06-13,7,8,-1
3,2022-06-13,15,8,0
3,2022-06-13,23,8,0
6,2022-06-13,6,8,0
6,2022-06-13,14,8,0
6,2022-06-13,22,8,0
9,2022-06-13,6.5,8,0
9,2022-06-13,14.5,8,0
9,2022-06-13,22.5,8,0
2,2022-06-14,6,12,-1
2,2022-06-14,18,12,0
3,2022-06-14,7,8,-1
3,2022-06-14,15,8,0
3,2022-06-14,23,8,0
6,2022-06-14,6,8,0
6,2022-06-14,14,8,0
6,2022-06-14,22,8,0
9,2022-06-14,6.5,8,0
9,2022-06-14,14.5,8,0
9,2022-06-14,22.5,8,0
2,2022-06-15,6,12,-1
2,2022-06-15,18,12,0
3,2022-06-15,7,8,-1
3,2022-06-15,15,8,0
3,2022-06-15,23,8,0
6,2022-06-15,6,8,0
6,2022-06-15,14,8,0
6,2022-06-15,22,8,0
9,2022-06-15,6.5,8,0
9,2022-06-15,14.5,8,0
9,2022-06-15,22.5,8,0
2,2022-06-16,6,12,-1
2,2022-06-16,18,12,0
3,2022-06-16,7,8,-1
3,2022-06-16,15,8,0
3,2022-06-16,23,8,0
6,2022-06-16,6,8,0
6,2022-06-16,14,8,0
6,2022-06-16,22,8,0
9,2022-06-16,6.5,8,0
9,2022-06-16,14.5,8,0
9,2022-06-16,22.5,8,0
2,2022-06-17,6,12,0
2,2022-06-17,18,12,0
3,2022-06-17,7,8,-1
3,2022-06-17,15,8,-1
3,2022-06-17,23,8,-1
6,2022-06-17,6,8,0
6,2022-06-17,14,8,0
6,2022-06-17,22,8,0
9,2022-06-17,6.5,8,0
9,2022-06-17,14.5,8,0
9,2022-06-17,22.5,8,0
2,2022-06-18,6,12,0
2,2022-06-18,18,12,0
3,2022-06-18,7,8,-1
3,2022-06-18,15,8,-1
3,2022-06-18,23,8,-1
6,2022-06-18,6,8,0
6,2022-06-18,14,8,0
6,2022-06-18,22,8,0
9,2022-06-18,6.5,8,0
9,2022-06-18,14.5,8,0
9,2022-06-18,22.5,8,0
2,2022-06-19,6,12,-1
2,2022-06-19,18,12,0
3,2022-06-19,7,8,-1
3,2022-06-19,15,8,0
3,2022-06-19,23,8,0
6,2022-06-19,6,8,0
6,2022-06-19,14,8,0
6,2022-06-19,22,8,0
9,2022-06-19,6.5,8,0
9,2022-06-19,14.5,8,0
9,2022-06-19,22.5,8,0
2,2022-06-20,6,12,-1
2,2022-06-20,18,12,0
3,2022-06-20,7,8,-1
3,2022-06-20,15,8,0
3,2022-06-20,23,8,0
6,2022-06-20,6,8,0
6,2022-06-20,14,8,0
6,2022-06-20,22,8,0
9,2022-06-20,6.5,8,0
9,2022-06-20,14.5,8,0
9,2022-06-20,22.5,8,0
2,2022-06-21,6,12,-1
2,2022-06-21,18,12,0
3,2022-06-21,7,8,-1
3,2022-06-21,15,8,0
3,2022-06-21,23,8,0
6,2022-06-21,6,8,0
6,2022-06-21,14,8,0
6,2022-06-21,22,8,0
9,2022-06-21,6.5,8,0
9,2022-06-21,14.5,8,0
9,2022-06-21,22.5,8,0
2,2022-06-22,6,12,-1
2,2022-06-22,18,12,0
3,2022-06-22,7,8,-1
3,2022-06-22,15,8,0
3,2022-06-22,23,8,0
6,2022-06-22,6,8,0
6,2022-06-22,14,8,0
6,2022-06-22,22,8,0
9,2022-06-22,6.5,8,0
9,2022-06-22,14.5,8,0
9,2022-06-22,22.5,8,0
2,2022-06-23,6,12,-1
2,2022-06-23,18,12,0
3,2022-06-23,7,8,-1
3,2022-06-23,15,8,0
3,2022-06-23,23,8,0
6,2022-06-23,6,8,0
6,2022-06-23,14,8,0
6,2022-06-23,22,8,0
9,2022-06-23,6.5,8,0
9,2022-06-23,14.5,8,0
9,2022-06-23,22.5,8,0
2,2022-06-24,6,12,0
2,2022-06-24,18,12,0
3,2022-06-24,7,8,-1
3,2022-06-24,15,8,-1
3,2022-06-24,23,8,-1
6,2022-06-24,6,8,0
6,2022-06-24,14,8,0
6,2022-06-24,22,8,0
9,2022-06-24,6.5,8,0
9,2022-06-24,14.5,8,0
9,2022-06-24,22.5,8,0
2,2022-06-25,6,12,0
2,2022-06-25,18,12,0
3,2022-06-25,7,8,-1
3,2022-06-25,15,8,-1
3,2022-06-25,23,8,-1
6,2022-06-25,6,8,0
6,2022-06-25,14,8,0
6,2022-06-25,22,8,0
9,2022-06-25,6.5,8,0
9,2022-06-25,14.5,8,0
9,2022-06-25,22.5,8,0
2,2022-06-26,6,12,-1
2,2022-06-26,18,12,0
3,2022-06-26,7,8,-1
3,2022-06-26,15,8,0
3,2022-06-26,23,8,0
6,2022-06-26,6,8,0
6,2022-06-26,14,8,0
6,2022-06-26,22,8,0
9,2022-06-26,6.5,8,0
9,2022-06-26,14.5,8,0
9,2022-06-26,22.5,8,0
2,2022-06-27,6,12,-1
2,2022-06-27,18,12,0
3,2022-06-27,7,8,-1
3,2022-06-27,15,8,0
3,2022-06-27,23,8,0
6,2022-06-27,6,8,0
6,2022-06-27,14,8,0
6,2022-06-27,22,8,0
9,2022-06-27,6.5,8,0
9,2022-06-27,14.5,8,0
9,2022-06-27,22.5,8,0
2,2022-06-28,6,12,-1
2,2022-06-28,18,12,0
3,2022-06-28,7,8,-1
3,2022-06-28,15,8,0
3,2022-06-28,23,8,0
6,2022-06-28,6,8,0
6,2022-06-28,14,8,0
6,2022-06-28,22,8,0
9,2022-06-28,6.5,8,0
9,2022-06-28,14.5,8,0
9,2022-06-28,22.5,8,0
2,2022-06-29,6,12,-1
2,2022-06-29,18,12,0
3,2022-06-29,7,8,-1
3,2022-06-29,15,8,0
3,2022-06-29,23,8,0
6,2022-06-29,6,8,0
6,2022-06-29,14,8,0
6,2022-06-29,22,8,0
9,2022-06-29,6.5,8,0
9,2022-06-29,14.5,8,0
9,2022-06-29,22.5,8,0
2,2022-06-30,6,12,-1
2,2022-06-30,18,12,0
3,2022-06-30,7,8,-1
3,2022-06-30,15,8,0
3,2022-06-30,23,8,0
6,2022-06-30,6,8,0
6,2022-06-30,14,8,0
6,2022-06-30,22,8,0
9,2022-06-30,6.5,8,0
9,2022-06-30,14.5,8,0
9,2022-06-30,22.5,8,0
2,2022-07-01,6,12,0
2,2022-07-01,18,12,0
3,2022-07-01,7,8,-1
3,2022-07-01,15,8,-1
3,2022-07-01,23,8,-1
6,2022-07-01,6,8,0
6,2022-07-01,14,8,0
6,2022-07-01,22,8,0
9,2022-07-01,6.5,8,0
9,2022-07-01,14.5,8,0
9,2022-07-01,22.5,8,0
2,2022-07-01,6,12,0
2,2022-07-01,18,12,0
3,2022-07-01,7,8,-1
3,2022-07-01,15,8,-1
3,2022-07-01,23,8,-1
6,2022-07-01,6,8,0
6,2022-07-01,14,8,0
6,2022-07-01,22,8,0
9,2022-07-01,6.5,8,0
9,2022-07-01,14.5,8,0
9,2022-07-01,22.5,8,0
2,2022-07-02,6,12,0
2,2022-07-02,18,12,0
3,2022-07-02,7,8,-1
3,2022-07-02,15,8,-1
3,2022-07-02,23,8,-1
6,2022-07-02,6,8,0
6,2022-07-02,14,8,0
6,2022-07-02,22,8,0
9,2022-07-02,6.5,8,0
9,2022-07-02,14.5,8,0
9,2022-07-02,22.5,8,0
2,2022-07-03,6,12,-1
2,2022-07-03,18,12,0
3,2022-07-03,7,8,-1
3,2022-07-03,15,8,0
3,2022-07-03,23,8,0
6,2022-07-03,6,8,0
6,2022-07-03,14,8,0
6,2022-07-03,22,8,0
9,2022-07-03,6.5,8,0
9,2022-07-03,14.5,8,0
9,2022-07-03,22.5,8,0
2,2022-07-04,6,12,-1
2,2022-07-04,18,12,0
3,2022-07-04,7,8,-1
3,2022-07-04,15,8,0
3,2022-07-04,23,8,0
6,2022-07-04,6,8,0
6,2022-07-04,14,8,0
6,2022-07-04,22,8,0
9,2022-07-04,6.5,8,0
9,2022-07-04,14.5,8,0
9,2022-07-04,22.5,8,0
2,2022-07-05,6,12,-1
2,2022-07-05,18,12,0
3,2022-07-05,7,8,-1
3,2022-07-05,15,8,0
3,2022-07-05,23,8,0
6,2022-07-05,6,8,0
6,2022-07-05,14,8,0
6,2022-07-05,22,8,0
9,2022-07-05,6.5,8,0
9,2022-07-05,14.5,8,0
9,2022-07-05,22.5,8,0
2,2022-07-06,6,12,-1
2,2022-07-06,18,12,0
3,2022-07-06,7,8,-1
3,2022-07-06,15,8,0
3,2022-07-06,23,8,0
6,2022-07-06,6,8,0
6,2022-07-06,14,8,0
6,2022-07-06,22,8,0
9,2022-07-06,6.5,8,0
9,2022-07-06,14.5,8,0
9,2022-07-06,22.5,8,0
2,2022-07-07,6,12,-1
2,2022-07-07,18,12,0
3,2022-07-07,7,8,-1
3,2022-07-07,15,8,0
3,2022-07-07,23,8,0
6,2022-07-07,6,8,0
6,2022-07-07,14,8,0
6,2022-07-07,22,8,0
9,2022-07-07,6.5,8,0
9,2022-07-07,14.5,8,0
9,2022-07-07,22.5,8,0
2,2022-07-08,6,12,0
2,2022-07-08,18,12,0
3,2022-07-08,7,8,-1
3,2022-07-08,15,8,-1
3,2022-07-08,23,8,-1
6,2022-07-08,6,8,0
6,2022-07-08,14,8,0
6,2022-07-08,22,8,0
9,2022-07-08,6.5,8,0
9,2022-07-08,14.5,8,0
9,2022-07-08,22.5,8,0
2,2022-07-09,6,12,0
2,2022-07-09,18,12,0
3,2022-07-09,7,8,-1
3,2022-07-09,15,8,-1
3,2022-07-09,23,8,-1
6,2022-07-09,6,8,0
6,2022-07-09,14,8,0
6,2022-07-09,22,8,0
9,2022-07-09,6.5,8,0
9,2022-07-09,14.5,8,0
9,2022-07-09,22.5,8,0
2,2022-07-10,6,12,-1
2,2022-07-10,18,12,0
3,2022-07-10,7,8,-1
3,2022-07-10,15,8,0
3,2022-07-10,23,8,0
6,2022-07-10,6,8,0
6,2022-07-10,14,8,0
6,2022-07-10,22,8,0
9,2022-07-10,6.5,8,0
9,2022-07-10,14.5,8,0
9,2022-07-10,22.5,8,0
2,2022-07-11,6,12,-1
2,2022-07-11,18,12,0
3,2022-07-11,7,8,-1
3,2022-07-11,15,8,0
3,2022-07-11,23,8,0
6,2022-07-11,6,8,0
6,2022-07-11,14,8,0
6,2022-07-11,22,8,0
9,2022-07-11,6.5,8,0
9,2022-07-11,14.5,8,0
9,2022-07-11,22.5,8,0
2,2022-07-12,6,12,-1
2,2022-07-12,18,12,0
3,2022-07-12,7,8,-1
3,2022-07-12,15,8,0
3,2022-07-12,23,8,0
6,2022-07-12,6,8,0
6,2022-07-12,14,8,0
6,2022-07-12,22,8,0
9,2022-07-12,6.5,8,0
9,2022-07-12,14.5,8,0
9,2022-07-12,22.5,8,0
2,2022-07-13,6,12,-1
2,2022-07-13,18,12,0
3,2022-07-13,7,8,-1
3,2022-07-13,15,8,0
3,2022-07-13,23,8,0
6,2022-07-13,6,8,0
6,2022-07-13,14,8,0
6,2022-07-13,22,8,0
9,2022-07-13,6.5,8,0
9,2022-07-13,14.5,8,0
9,2022-07-13,22.5,8,0
2,2022-07-14,6,12,-1
2,2022-07-14,18,12,0
3,2022-07-14,7,8,-1
3,2022-07-14,15,8,0
3,2022-07-14,23,8,0
6,2022-07-14,6,8,0
6,2022-07-14,14,8,0
6,2022-07-14,22,8,0
9,2022-07-14,6.5,8,0
9,2022-07-14,14.5,8,0
9,2022-07-14,22.5,8,0
2,2022-07-15,6,12,0
2,2022-07-15,18,12,0
3,2022-07-15,7,8,-1
3,2022-07-15,15,8,-1
3,2022-07-15,23,8,-1
6,2022-07-15,6,8,0
6,2022-07-15,14,8,0
6,2022-07-15,22,8,0
9,2022-07-15,6.5,8,0
9,2022-07-15,14.5,8,0
9,2022-07-15,22.5,8,0
2,2022-07-16,6,12,0
2,2022-07-16,18,12,0
3,2022-07-16,7,8,-1
3,2022-07-16,15,8,-1
3,2022-07-16,23,8,-1
6,2022-07-16,6,8,0
6,2022-07-16,14,8,0
6,2022-07-16,22,8,0
9,2022-07-16,6.5,8,0
9,2022-07-16,14.5,8,0
9,2022-07-16,22.5,8,0
2,2022-07-17,6,12,-1
2,2022-07-17,18,12,0
3,2022-07-17,7,8,-1
3,2022-07-17,15,8,0
3,2022-07-17,23,8,0
6,2022-07-17,6,8,0
6,2022-07-17,14,8,0
6,2022-07-17,22,8,0
9,2022-07-17,6.5,8,0
9,2022-07-17,14.5,8,0
9,2022-07-17,22.5,8,0
2,2022-07-18,6,12,-1
2,2022-07-18,18,12,0
3,2022-07-18,7,8,-1
3,2022-07-18,15,8,0
3,2022-07-18,23,8,0
6,2022-07-18,6,8,0
6,2022-07-18,14,8,0
6,2022-07-18,22,8,0
9,2022-07-18,6.5,8,0
9,2022-07-18,14.5,8,0
9,2022-07-18,22.5,8,0
2,2022-07-19,6,12,-1
2,2022-07-19,18,12,0
3,2022-07-19,7,8,-1
3,2022-07-19,15,8,0
3,2022-07-19,23,8,0
6,2022-07-19,6,8,0
6,2022-07-19,14,8,0
6,2022-07-19,22,8,0
9,2022-07-19,6.5,8,0
9,2022-07-19,14.5,8,0
9,2022-07-19,22.5,8,0
2,2022-07-20,6,12,-1
2,2022-07-20,18,12,0
3,2022-07-20,7,8,-1
3,2022-07-20,15,8,0
3,2022-07-20,23,8,0
6,2022-07-20,6,8,0
6,2022-07-20,14,8,0
6,2022-07-20,22,8,0
9,2022-07-20,6.5,8,0
9,2022-07-20,14.5,8,0
9,2022-07-20,22.5,8,0
2,2022-07-21,6,12,-1
2,2022-07-21,18,12,0
3,2022-07-21,7,8,-1
3,2022-07-21,15,8,0
3,2022-07-21,23,8,0
6,2022-07-21,6,8,0
6,2022-07-21,14,8,0
6,2022-07-21,22,8,0
9,2022-07-21,6.5,8,0
9,2022-07-21,14.5,8,0
9,2022-07-21,22.5,8,0
2,2022-07-22,6,12,0
2,2022-07-22,18,12,0
3,2022-07-22,7,8,-1
3,2022-07-22,15,8,-1
3,2022-07-22,23,8,-1
6,2022-07-22,6,8,0
6,2022-07-22,14,8,0
6,2022-07-22,22,8,0
9,2022-07-22,6.5,8,0
9,2022-07-22,14.5,8,0
9,2022-07-22,22.5,8,0
2,2022-07-23,6,12,0
2,2022-07-23,18,12,0
3,2022-07-23,7,8,-1
3,2022-07-23,15,8,-1
3,2022-07-23,23,8,-1
6,2022-07-23,6,8,0
6,2022-07-23,14,8,0
6,2022-07-23,22,8,0
9,2022-07-23,6.5,8,0
9,2022-07-23,14.5,8,0
9,2022-07-23,22.5,8,0
2,2022-07-24,6,12,-1
2,2022-07-24,18,12,0
3,2022-07-24,7,8,-1
3,2022-07-24,15,8,0
3,2022-07-24,23,8,0
6,2022-07-24,6,8,0
6,2022-07-24,14,8,0
6,2022-07-24,22,8,0
9,2022-07-24,6.5,8,0
9,2022-07-24,14.5,8,0
9,2022-07-24,22.5,8,0
2,2022-07-25,6,12,-1
2,2022-07-25,18,12,0
3,2022-07-25,7,8,-1
3,2022-07-25,15,8,0
3,2022-07-25,23,8,0
6,2022-07-25,6,8,0
6,2022-07-25,14,8,0
6,2022-07-25,22,8,0
9,2022-07-25,6.5,8,0
9,2022-07-25,14.5,8,0
9,2022-07-25,22.5,8,0
2,2022-07-26,6,12,-1
2,2022-07-26,18,12,0
3,2022-07-26,7,8,-1
3,2022-07-26,15,8,0
3,2022-07-26,23,8,0
6,2022-07-26,6,8,0
6,2022-07-26,14,8,0
6,2022-07-26,22,8,0
9,2022-07-26,6.5,8,0
9,2022-07-26,14.5,8,0
9,2022-07-26,22.5,8,0
2,2022-07-27,6,12,-1
2,2022-07-27,18,12,0
3,2022-07-27,7,8,-1
3,2022-07-27,15,8,0
3,2022-07-27,23,8,0
6,2022-07-27,6,8,0
6,2022-07-27,14,8,0
6,2022-07-27,22,8,0
9,2022-07-27,6.5,8,0
9,2022-07-27,14.5,8,0
9,2022-07-27,22.5,8,0
2,2022-07-28,6,12,-1
2,2022-07-28,18,12,0
3,2022-07-28,7,8,-1
3,2022-07-28,15,8,0
3,2022-07-28,23,8,0
6,2022-07-28,6,8,0
6,2022-07-28,14,8,0
6,2022-07-28,22,8,0
9,2022-07-28,6.5,8,0
9,2022-07-28,14.5,8,0
9,2022-07-28,22.5,8,0
2,2022-07-29,6,12,0
2,2022-07-29,18,12,0
3,2022-07-29,7,8,-1
3,2022-07-29,15,8,-1
3,2022-07-29,23,8,-1
6,2022-07-29,6,8,0
6,2022-07-29,14,8,0
6,2022-07-29,22,8,0
9,2022-07-29,6.5,8,0
9,2022-07-29,14.5,8,0
9,2022-07-29,22.5,8,0
2,2022-07-30,6,12,0
2,2022-07-30,18,12,0
3,2022-07-30,7,8,-1
3,2022-07-30,15,8,-1
3,2022-07-30,23,8,-1
6,2022-07-30,6,8,0
6,2022-07-30,14,8,0
6,2022-07-30,22,8,0
9,2022-07-30,6.5,8,0
9,2022-07-30,14.5,8,0
9,2022-07-30,22.5,8,0
2,2022-08-01,6,12,-1
2,2022-08-01,18,12,0
3,2022-08-01,7,8,-1
3,2022-08-01,15,8,0
3,2022-08-01,23,8,0
6,2022-08-01,6,8,0
6,2022-08-01,14,8,0
6,2022-08-01,22,8,0
9,2022-08-01,6.5,8,0
9,2022-08-01,14.5,8,0
9,2022-08-01,22.5,8,0
2,2022-08-02,6,12,-1
2,2022-08-02,18,12,0
3,2022-08-02,7,8,-1
3,2022-08-02,15,8,0
3,2022-08-02,23,8,0
6,2022-08-02,6,8,0
6,2022-08-02,14,8,0
6,2022-08-02,22,8,0
9,2022-08-02,6.5,8,0
9,2022-08-02,14.5,8,0
9,2022-08-02,22.5,8,0
2,2022-08-03,6,12,-1
2,2022-08-03,18,12,0
3,2022-08-03,7,8,-1
3,2022-08-03,15,8,0
3,2022-08-03,23,8,0
6,2022-08-03,6,8,0
6,2022-08-03,14,8,0
6,2022-08-03,22,8,0
9,2022-08-03,6.5,8,0
9,2022-08-03,14.5,8,0
9,2022-08-03,22.5,8,0
2,2022-08-04,6,12,-1
2,2022-08-04,18,12,0
3,2022-08-04,7,8,-1
3,2022-08-04,15,8,0
3,2022-08-04,23,8,0
6,2022-08-04,6,8,0
6,2022-08-04,14,8,0
6,2022-08-04,22,8,0
9,2022-08-04,6.5,8,0
9,2022-08-04,14.5,8,0
9,2022-08-04,22.5,8,0
2,2022-08-05,6,12,0
2,2022-08-05,18,12,0
3,2022-08-05,7,8,-1
3,2022-08-05,15,8,-1
3,2022-08-05,23,8,-1
6,2022-08-05,6,8,0
6,2022-08-05,14,8,0
6,2022-08-05,22,8,0
9,2022-08-05,6.5,8,0
9,2022-08-05,14.5,8,0
9,2022-08-05,22.5,8,0
2,2022-08-06,6,12,0
2,2022-08-06,18,12,0
3,2022-08-06,7,8,-1
3,2022-08-06,15,8,-1
3,2022-08-06,23,8,-1
6,2022-08-06,6,8,0
6,2022-08-06,14,8,0
6,2022-08-06,22,8,0
9,2022-08-06,6.5,8,0
9,2022-08-06,14.5,8,0
9,2022-08-06,22.5,8,0
2,2022-08-07,6,12,-1
2,2022-08-07,18,12,0
3,2022-08-07,7,8,-1
3,2022-08-07,15,8,0
3,2022-08-07,23,8,0
6,2022-08-07,6,8,0
6,2022-08-07,14,8,0
6,2022-08-07,22,8,0
9,2022-08-07,6.5,8,0
9,2022-08-07,14.5,8,0
9,2022-08-07,22.5,8,0
2,2022-08-08,6,12,-1
2,2022-08-08,18,12,0
3,2022-08-08,7,8,-1
3,2022-08-08,15,8,0
3,2022-08-08,23,8,0
6,2022-08-08,6,8,0
6,2022-08-08,14,8,0
6,2022-08-08,22,8,0
9,2022-08-08,6.5,8,0
9,2022-08-08,14.5,8,0
9,2022-08-08,22.5,8,0
2,2022-08-09,6,12,-1
2,2022-08-09,18,12,0
3,2022-08-09,7,8,-1
3,2022-08-09,15,8,0
3,2022-08-09,23,8,0
6,2022-08-09,6,8,0
6,2022-08-09,14,8,0
6,2022-08-09,22,8,0
9,2022-08-09,6.5,8,0
9,2022-08-09,14.5,8,0
9,2022-08-09,22.5,8,0
2,2022-08-10,6,12,-1
2,2022-08-10,18,12,0
3,2022-08-10,7,8,-1
3,2022-08-10,15,8,0
3,2022-08-10,23,8,0
6,2022-08-10,6,8,0
6,2022-08-10,14,8,0
6,2022-08-10,22,8,0
9,2022-08-10,6.5,8,0
9,2022-08-10,14.5,8,0
9,2022-08-10,22.5,8,0
2,2022-08-11,6,12,-1
2,2022-08-11,18,12,0
3,2022-08-11,7,8,-1
3,2022-08-11,15,8,0
3,2022-08-11,23,8,0
6,2022-08-11,6,8,0
6,2022-08-11,14,8,0
6,2022-08-11,22,8,0
9,2022-08-11,6.5,8,0
9,2022-08-11,14.5,8,0
9,2022-08-11,22.5,8,0
2,2022-08-12,6,12,0
2,2022-08-12,18,12,0
3,2022-08-12,7,8,-1
3,2022-08-12,15,8,-1
3,2022-08-12,23,8,-1
6,2022-08-12,6,8,0
6,2022-08-12,14,8,0
6,2022-08-12,22,8,0
9,2022-08-12,6.5,8,0
9,2022-08-12,14.5,8,0
9,2022-08-12,22.5,8,0
2,2022-08-13,6,12,0
2,2022-08-13,18,12,0
3,2022-08-13,7,8,-1
3,2022-08-13,15,8,-1
3,2022-08-13,23,8,-1
6,2022-08-13,6,8,0
6,2022-08-13,14,8,0
6,2022-08-13,22,8,0
9,2022-08-13,6.5,8,0
9,2022-08-13,14.5,8,0
9,2022-08-13,22.5,8,0
2,2022-08-14,6,12,-1
2,2022-08-14,18,12,0
3,2022-08-14,7,8,-1
3,2022-08-14,15,8,0
3,2022-08-14,23,8,0
6,2022-08-14,6,8,0
6,2022-08-14,14,8,0
6,2022-08-14,22,8,0
9,2022-08-14,6.5,8,0
9,2022-08-14,14.5,8,0
9,2022-08-14,22.5,8,0
2,2022-08-15,6,12,-1
2,2022-08-15,18,12,0
3,2022-08-15,7,8,-1
3,2022-08-15,15,8,0
3,2022-08-15,23,8,0
6,2022-08-15,6,8,0
6,2022-08-15,14,8,0
6,2022-08-15,22,8,0
9,2022-08-15,6.5,8,0
9,2022-08-15,14.5,8,0
9,2022-08-15,22.5,8,0
2,2022-08-16,6,12,-1
2,2022-08-16,18,12,0
3,2022-08-16,7,8,-1
3,2022-08-16,15,8,0
3,2022-08-16,23,8,0
6,2022-08-16,6,8,0
6,2022-08-16,14,8,0
6,2022-08-16,22,8,0
9,2022-08-16,6.5,8,0
9,2022-08-16,14.5,8,0
9,2022-08-16,22.5,8,0
2,2022-08-17,6,12,-1
2,2022-08-17,18,12,0
3,2022-08-17,7,8,-1
3,2022-08-17,15,8,0
3,2022-08-17,23,8,0
6,2022-08-17,6,8,0
6,2022-08-17,14,8,0
6,2022-08-17,22,8,0
9,2022-08-17,6.5,8,0
9,2022-08-17,14.5,8,0
9,2022-08-17,22.5,8,0
2,2022-08-18,6,12,-1
2,2022-08-18,18,12,0
3,2022-08-18,7,8,-1
3,2022-08-18,15,8,0
3,2022-08-18,23,8,0
6,2022-08-18,6,8,0
6,2022-08-18,14,8,0
6,2022-08-18,22,8,0
9,2022-08-18,6.5,8,0
9,2022-08-18,14.5,8,0
9,2022-08-18,22.5,8,0
2,2022-08-19,6,12,0
2,2022-08-19,18,12,0
3,2022-08-19,7,8,-1
3,2022-08-19,15,8,-1
3,2022-08-19,23,8,-1
6,2022-08-19,6,8,0
6,2022-08-19,14,8,0
6,2022-08-19,22,8,0
9,2022-08-19,6.5,8,0
9,2022-08-19,14.5,8,0
9,2022-08-19,22.5,8,0
2,2022-08-20,6,12,0
2,2022-08-20,18,12,0
3,2022-08-20,7,8,-1
3,2022-08-20,15,8,-1
3,2022-08-20,23,8,-1
6,2022-08-20,6,8,0
6,2022-08-20,14,8,0
6,2022-08-20,22,8,0
9,2022-08-20,6.5,8,0
9,2022-08-20,14.5,8,0
9,2022-08-20,22.5,8,0
2,2022-08-21,6,12,-1
2,2022-08-21,18,12,0
3,2022-08-21,7,8,-1
3,2022-08-21,15,8,0
3,2022-08-21,23,8,0
6,2022-08-21,6,8,0
6,2022-08-21,14,8,0
6,2022-08-21,22,8,0
9,2022-08-21,6.5,8,0
9,2022-08-21,14.5,8,0
9,2022-08-21,22.5,8,0
2,2022-08-22,6,12,-1
2,2022-08-22,18,12,0
3,2022-08-22,7,8,-1
3,2022-08-22,15,8,0
3,2022-08-22,23,8,0
6,2022-08-22,6,8,0
6,2022-08-22,14,8,0
6,2022-08-22,22,8,0
9,2022-08-22,6.5,8,0
9,2022-08-22,14.5,8,0
9,2022-08-22,22.5,8,0
2,2022-08-23,6,12,-1
2,2022-08-23,18,12,0
3,2022-08-23,7,8,-1
3,2022-08-23,15,8,0
3,2022-08-23,23,8,0
6,2022-08-23,6,8,0
6,2022-08-23,14,8,0
6,2022-08-23,22,8,0
9,2022-08-23,6.5,8,0
9,2022-08-23,14.5,8,0
9,2022-08-23,22.5,8,0
2,2022-08-24,6,12,-1
2,2022-08-24,18,12,0
3,2022-08-24,7,8,-1
3,2022-08-24,15,8,0
3,2022-08-24,23,8,0
6,2022-08-24,6,8,0
6,2022-08-24,14,8,0
6,2022-08-24,22,8,0
9,2022-08-24,6.5,8,0
9,2022-08-24,14.5,8,0
9,2022-08-24,22.5,8,0
2,2022-08-25,6,12,-1
2,2022-08-25,18,12,0
3,2022-08-25,7,8,-1
3,2022-08-25,15,8,0
3,2022-08-25,23,8,0
6,2022-08-25,6,8,0
6,2022-08-25,14,8,0
6,2022-08-25,22,8,0
9,2022-08-25,6.5,8,0
9,2022-08-25,14.5,8,0
9,2022-08-25,22.5,8,0
2,2022-08-26,6,12,0
2,2022-08-26,18,12,0
3,2022-08-26,7,8,-1
3,2022-08-26,15,8,-1
3,2022-08-26,23,8,-1
6,2022-08-26,6,8,0
6,2022-08-26,14,8,0
6,2022-08-26,22,8,0
9,2022-08-26,6.5,8,0
9,2022-08-26,14.5,8,0
9,2022-08-26,22.5,8,0
2,2022-08-27,6,12,0
2,2022-08-27,18,12,0
3,2022-08-27,7,8,-1
3,2022-08-27,15,8,-1
3,2022-08-27,23,8,-1
6,2022-08-27,6,8,0
6,2022-08-27,14,8,0
6,2022-08-27,22,8,0
9,2022-08-27,6.5,8,0
9,2022-08-27,14.5,8,0
9,2022-08-27,22.5,8,0
2,2022-08-28,6,12,-1
2,2022-08-28,18,12,0
3,2022-08-28,7,8,-1
3,2022-08-28,15,8,0
3,2022-08-28,23,8,0
6,2022-08-28,6,8,0
6,2022-08-28,14,8,0
6,2022-08-28,22,8,0
9,2022-08-28,6.5,8,0
9,2022-08-28,14.5,8,0
9,2022-08-28,22.5,8,0
2,2022-08-29,6,12,-1
2,2022-08-29,18,12,0
3,2022-08-29,7,8,-1
3,2022-08-29,15,8,0
3,2022-08-29,23,8,0
6,2022-08-29,6,8,0
6,2022-08-29,14,8,0
6,2022-08-29,22,8,0
9,2022-08-29,6.5,8,0
9,2022-08-29,14.5,8,0
9,2022-08-29,22.5,8,0
2,2022-08-30,6,12,-1
2,2022-08-30,18,12,0
3,2022-08-30,7,8,-1
3,2022-08-30,15,8,0
3,2022-08-30,23,8,0
6,2022-08-30,6,8,0
6,2022-08-30,14,8,0
6,2022-08-30,22,8,0
9,2022-08-30,6.5,8,0
9,2022-08-30,14.5,8,0
9,2022-08-30,22.5,8,0
2,2022-08-31,6,12,-1
2,2022-08-31,18,12,0
3,2022-08-31,7,8,-1
3,2022-08-31,15,8,0
3,2022-08-31,23,8,0
6,2022-08-31,6,8,0
6,2022-08-31,14,8,0
6,2022-08-31,22,8,0
9,2022-08-31,6.5,8,0
9,2022-08-31,14.5,8,0
9,2022-08-31,22.5,8,0
2,2022-09-01,6,12,-1
2,2022-09-01,18,12,0
3,2022-09-01,7,8,-1
3,2022-09-01,15,8,0
3,2022-09-01,23,8,0
6,2022-09-01,6,8,0
6,2022-09-01,14,8,0
6,2022-09-01,22,8,0
9,2022-09-01,6.5,8,0
9,2022-09-01,14.5,8,0
9,2022-09-01,22.5,8,0
2,2022-09-02,6,12,0
2,2022-09-02,18,12,0
3,2022-09-02,7,8,-1
3,2022-09-02,15,8,-1
3,2022-09-02,23,8,-1
6,2022-09-02,6,8,0
6,2022-09-02,14,8,0
6,2022-09-02,22,8,0
9,2022-09-02,6.5,8,0
9,2022-09-02,14.5,8,0
9,2022-09-02,22.5,8,0
2,2022-09-03,6,12,0
2,2022-09-03,18,12,0
3,2022-09-03,7,8,-1
3,2022-09-03,15,8,-1
3,2022-09-03,23,8,-1
6,2022-09-03,6,8,0
6,2022-09-03,14,8,0
6,2022-09-03,22,8,0
9,2022-09-03,6.5,8,0
9,2022-09-03,14.5,8,0
9,2022-09-03,22.5,8,0
2,2022-09-04,6,12,-1
2,2022-09-04,18,12,0
3,2022-09-04,7,8,-1
3,2022-09-04,15,8,0
3,2022-09-04,23,8,0
6,2022-09-04,6,8,0
6,2022-09-04,14,8,0
6,2022-09-04,22,8,0
9,2022-09-04,6.5,8,0
9,2022-09-04,14.5,8,0
9,2022-09-04,22.5,8,0
2,2022-09-05,6,12,-1
2,2022-09-05,18,12,0
3,2022-09-05,7,8,-1
3,2022-09-05,15,8,0
3,2022-09-05,23,8,0
6,2022-09-05,6,8,0
6,2022-09-05,14,8,0
6,2022-09-05,22,8,0
9,2022-09-05,6.5,8,0
9,2022-09-05,14.5,8,0
9,2022-09-05,22.5,8,0
2,2022-09-06,6,12,-1
2,2022-09-06,18,12,0
3,2022-09-06,7,8,-1
3,2022-09-06,15,8,0
3,2022-09-06,23,8,0
6,2022-09-06,6,8,0
6,2022-09-06,14,8,0
6,2022-09-06,22,8,0
9,2022-09-06,6.5,8,0
9,2022-09-06,14.5,8,0
9,2022-09-06,22.5,8,0
2,2022-09-07,6,12,-1
2,2022-09-07,18,12,0
3,2022-09-07,7,8,-1
3,2022-09-07,15,8,0
3,2022-09-07,23,8,0
6,2022-09-07,6,8,0
6,2022-09-07,14,8,0
6,2022-09-07,22,8,0
9,2022-09-07,6.5,8,0
9,2022-09-07,14.5,8,0
9,2022-09-07,22.5,8,0
2,2022-09-08,6,12,-1
2,2022-09-08,18,12,0
3,2022-09-08,7,8,-1
3,2022-09-08,15,8,0
3,2022-09-08,23,8,0
6,2022-09-08,6,8,0
6,2022-09-08,14,8,0
6,2022-09-08,22,8,0
9,2022-09-08,6.5,8,0
9,2022-09-08,14.5,8,0
9,2022-09-08,22.5,8,0
2,2022-09-09,6,12,0
2,2022-09-09,18,12,0
3,2022-09-09,7,8,-1
3,2022-09-09,15,8,-1
3,2022-09-09,23,8,-1
6,2022-09-09,6,8,0
6,2022-09-09,14,8,0
6,2022-09-09,22,8,0
9,2022-09-09,6.5,8,0
9,2022-09-09,14.5,8,0
9,2022-09-09,22.5,8,0
2,2022-09-10,6,12,0
2,2022-09-10,18,12,0
3,2022-09-10,7,8,-1
3,2022-09-10,15,8,-1
3,2022-09-10,23,8,-1
6,2022-09-10,6,8,0
6,2022-09-10,14,8,0
6,2022-09-10,22,8,0
9,2022-09-10,6.5,8,0
9,2022-09-10,14.5,8,0
9,2022-09-10,22.5,8,0
2,2022-09-11,6,12,-1
2,2022-09-11,18,12,0
3,2022-09-11,7,8,-1
3,2022-09-11,15,8,0
3,2022-09-11,23,8,0
6,2022-09-11,6,8,0
6,2022-09-11,14,8,0
6,2022-09-11,22,8,0
9,2022-09-11,6.5,8,0
9,2022-09-11,14.5,8,0
9,2022-09-11,22.5,8,0
2,2022-09-12,6,12,-1
2,2022-09-12,18,12,0
3,2022-09-12,7,8,-1
3,2022-09-12,15,8,0
3,2022-09-12,23,8,0
6,2022-09-12,6,8,0
6,2022-09-12,14,8,0
6,2022-09-12,22,8,0
9,2022-09-12,6.5,8,0
9,2022-09-12,14.5,8,0
9,2022-09-12,22.5,8,0
2,2022-09-13,6,12,-1
2,2022-09-13,18,12,0
3,2022-09-13,7,8,-1
3,2022-09-13,15,8,0
3,2022-09-13,23,8,0
6,2022-09-13,6,8,0
6,2022-09-13,14,8,0
6,2022-09-13,22,8,0
9,2022-09-13,6.5,8,0
9,2022-09-13,14.5,8,0
9,2022-09-13,22.5,8,0
2,2022-09-14,6,12,-1
2,2022-09-14,18,12,0
3,2022-09-14,7,8,-1
3,2022-09-14,15,8,0
3,2022-09-14,23,8,0
6,2022-09-14,6,8,0
6,2022-09-14,14,8,0
6,2022-09-14,22,8,0
9,2022-09-14,6.5,8,0
9,2022-09-14,14.5,8,0
9,2022-09-14,22.5,8,0
2,2022-09-15,6,12,-1
2,2022-09-15,18,12,0
3,2022-09-15,7,8,-1
3,2022-09-15,15,8,0
3,2022-09-15,23,8,0
6,2022-09-15,6,8,0
6,2022-09-15,14,8,0
6,2022-09-15,22,8,0
9,2022-09-15,6.5,8,0
9,2022-09-15,14.5,8,0
9,2022-09-15,22.5,8,0
2,2022-09-16,6,12,0
2,2022-09-16,18,12,0
3,2022-09-16,7,8,-1
3,2022-09-16,15,8,-1
3,2022-09-16,23,8,-1
6,2022-09-16,6,8,0
6,2022-09-16,14,8,0
6,2022-09-16,22,8,0
9,2022-09-16,6.5,8,0
9,2022-09-16,14.5,8,0
9,2022-09-16,22.5,8,0
2,2022-09-17,6,12,0
2,2022-09-17,18,12,0
3,2022-09-17,7,8,-1
3,2022-09-17,15,8,-1
3,2022-09-17,23,8,-1
6,2022-09-17,6,8,0
6,2022-09-17,14,8,0
6,2022-09-17,22,8,0
9,2022-09-17,6.5,8,0
9,2022-09-17,14.5,8,0
9,2022-09-17,22.5,8,0
2,2022-09-18,6,12,-1
2,2022-09-18,18,12,0
3,2022-09-18,7,8,-1
3,2022-09-18,15,8,0
3,2022-09-18,23,8,0
6,2022-09-18,6,8,0
6,2022-09-18,14,8,0
6,2022-09-18,22,8,0
9,2022-09-18,6.5,8,0
9,2022-09-18,14.5,8,0
9,2022-09-18,22.5,8,0
2,2022-09-19,6,12,-1
2,2022-09-19,18,12,0
3,2022-09-19,7,8,-1
3,2022-09-19,15,8,0
3,2022-09-19,23,8,0
6,2022-09-19,6,8,0
6,2022-09-19,14,8,0
6,2022-09-19,22,8,0
9,2022-09-19,6.5,8,0
9,2022-09-19,14.5,8,0
9,2022-09-19,22.5,8,0
2,2022-09-20,6,12,-1
2,2022-09-20,18,12,0
3,2022-09-20,7,8,-1
3,2022-09-20,15,8,0
3,2022-09-20,23,8,0
6,2022-09-20,6,8,0
6,2022-09-20,14,8,0
6,2022-09-20,22,8,0
9,2022-09-20,6.5,8,0
9,2022-09-20,14.5,8,0
9,2022-09-20,22.5,8,0
2,2022-09-21,6,12,-1
2,2022-09-21,18,12,0
3,2022-09-21,7,8,-1
3,2022-09-21,15,8,0
3,2022-09-21,23,8,0
6,2022-09-21,6,8,0
6,2022-09-21,14,8,0
6,2022-09-21,22,8,0
9,2022-09-21,6.5,8,0
9,2022-09-21,14.5,8,0
9,2022-09-21,22.5,8,0
2,2022-09-22,6,12,-1
2,2022-09-22,18,12,0
3,2022-09-22,7,8,-1
3,2022-09-22,15,8,0
3,2022-09-22,23,8,0
6,2022-09-22,6,8,0
6,2022-09-22,14,8,0
6,2022-09-22,22,8,0
9,2022-09-22,6.5,8,0
9,2022-09-22,14.5,8,0
9,2022-09-22,22.5,8,0
2,2022-09-23,6,12,0
2,2022-09-23,18,12,0
3,2022-09-23,7,8,-1
3,2022-09-23,15,8,-1
3,2022-09-23,23,8,-1
6,2022-09-23,6,8,0
6,2022-09-23,14,8,0
6,2022-09-23,22,8,0
9,2022-09-23,6.5,8,0
9,2022-09-23,14.5,8,0
9,2022-09-23,22.5,8,0
2,2022-09-24,6,12,0
2,2022-09-24,18,12,0
3,2022-09-24,7,8,-1
3,2022-09-24,15,8,-1
3,2022-09-24,23,8,-1
6,2022-09-24,6,8,0
6,2022-09-24,14,8,0
6,2022-09-24,22,8,0
9,2022-09-24,6.5,8,0
9,2022-09-24,14.5,8,0
9,2022-09-24,22.5,8,0
2,2022-09-25,6,12,-1
2,2022-09-25,18,12,0
3,2022-09-25,7,8,-1
3,2022-09-25,15,8,0
3,2022-09-25,23,8,0
6,2022-09-25,6,8,0
6,2022-09-25,14,8,0
6,2022-09-25,22,8,0
9,2022-09-25,6.5,8,0
9,2022-09-25,14.5,8,0
9,2022-09-25,22.5,8,0
2,2022-09-26,6,12,-1
2,2022-09-26,18,12,0
3,2022-09-26,7,8,-1
3,2022-09-26,15,8,0
3,2022-09-26,23,8,0
6,2022-09-26,6,8,0
6,2022-09-26,14,8,0
6,2022-09-26,22,8,0
9,2022-09-26,6.5,8,0
9,2022-09-26,14.5,8,0
9,2022-09-26,22.5,8,0
2,2022-09-27,6,12,-1
2,2022-09-27,18,12,0
3,2022-09-27,7,8,-1
3,2022-09-27,15,8,0
3,2022-09-27,23,8,0
6,2022-09-27,6,8,0
6,2022-09-27,14,8,0
6,2022-09-27,22,8,0
9,2022-09-27,6.5,8,0
9,2022-09-27,14.5,8,0
9,2022-09-27,22.5,8,0
2,2022-09-28,6,12,-1
2,2022-09-28,18,12,0
3,2022-09-28,7,8,-1
3,2022-09-28,15,8,0
3,2022-09-28,23,8,0
6,2022-09-28,6,8,0
6,2022-09-28,14,8,0
6,2022-09-28,22,8,0
9,2022-09-28,6.5,8,0
9,2022-09-28,14.5,8,0
9,2022-09-28,22.5,8,0
2,2022-09-29,6,12,-1
2,2022-09-29,18,12,0
3,2022-09-29,7,8,-1
3,2022-09-29,15,8,0
3,2022-09-29,23,8,0
6,2022-09-29,6,8,0
6,2022-09-29,14,8,0
6,2022-09-29,22,8,0
9,2022-09-29,6.5,8,0
9,2022-09-29,14.5,8,0
9,2022-09-29,22.5,8,0
2,2022-09-30,6,12,0
2,2022-09-30,18,12,0
3,2022-09-30,7,8,-1
3,2022-09-30,15,8,-1
3,2022-09-30,23,8,-1
6,2022-09-30,6,8,0
6,2022-09-30,14,8,0
6,2022-09-30,22,8,0
9,2022-09-30,6.5,8,0
9,2022-09-30,14.5,8,0
9,2022-09-30,22.5,8,0
2,2022-10-01,6,12,0
2,2022-10-01,18,12,0
3,2022-10-01,7,8,-1
3,2022-10-01,15,8,-1
3,2022-10-01,23,8,-1
6,2022-10-01,6,8,0
6,2022-10-01,14,8,0
6,2022-10-01,22,8,0
9,2022-10-01,6.5,8,0
9,2022-10-01,14.5,8,0
9,2022-10-01,22.5,8,0
2,2022-10-01,6,12,0
2,2022-10-01,18,12,0
3,2022-10-01,7,8,-1
3,2022-10-01,15,8,-1
3,2022-10-01,23,8,-1
6,2022-10-01,6,8,0
6,2022-10-01,14,8,0
6,2022-10-01,22,8,0
9,2022-10-01,6.5,8,0
9,2022-10-01,14.5,8,0
9,2022-10-01,22.5,8,0
2,2022-10-02,6,12,-1
2,2022-10-02,18,12,0
3,2022-10-02,7,8,-1
3,2022-10-02,15,8,0
3,2022-10-02,23,8,0
6,2022-10-02,6,8,0
6,2022-10-02,14,8,0
6,2022-10-02,22,8,0
9,2022-10-02,6.5,8,0
9,2022-10-02,14.5,8,0
9,2022-10-02,22.5,8,0
2,2022-10-03,6,12,-1
2,2022-10-03,18,12,0
3,2022-10-03,7,8,-1
3,2022-10-03,15,8,0
3,2022-10-03,23,8,0
6,2022-10-03,6,8,0
6,2022-10-03,14,8,0
6,2022-10-03,22,8,0
9,2022-10-03,6.5,8,0
9,2022-10-03,14.5,8,0
9,2022-10-03,22.5,8,0
2,2022-10-04,6,12,-1
2,2022-10-04,18,12,0
3,2022-10-04,7,8,-1
3,2022-10-04,15,8,0
3,2022-10-04,23,8,0
6,2022-10-04,6,8,0
6,2022-10-04,14,8,0
6,2022-10-04,22,8,0
9,2022-10-04,6.5,8,0
9,2022-10-04,14.5,8,0
9,2022-10-04,22.5,8,0
2,2022-10-05,6,12,-1
2,2022-10-05,18,12,0
3,2022-10-05,7,8,-1
3,2022-10-05,15,8,0
3,2022-10-05,23,8,0
6,2022-10-05,6,8,0
6,2022-10-05,14,8,0
6,2022-10-05,22,8,0
9,2022-10-05,6.5,8,0
9,2022-10-05,14.5,8,0
9,2022-10-05,22.5,8,0
2,2022-10-06,6,12,-1
2,2022-10-06,18,12,0
3,2022-10-06,7,8,-1
3,2022-10-06,15,8,0
3,2022-10-06,23,8,0
6,2022-10-06,6,8,0
6,2022-10-06,14,8,0
6,2022-10-06,22,8,0
9,2022-10-06,6.5,8,0
9,2022-10-06,14.5,8,0
9,2022-10-06,22.5,8,0
2,2022-10-07,6,12,0
2,2022-10-07,18,12,0
3,2022-10-07,7,8,-1
3,2022-10-07,15,8,-1
3,2022-10-07,23,8,-1
6,2022-10-07,6,8,0
6,2022-10-07,14,8,0
6,2022-10-07,22,8,0
9,2022-10-07,6.5,8,0
9,2022-10-07,14.5,8,0
9,2022-10-07,22.5,8,0
2,2022-10-08,6,12,0
2,2022-10-08,18,12,0
3,2022-10-08,7,8,-1
3,2022-10-08,15,8,-1
3,2022-10-08,23,8,-1
6,2022-10-08,6,8,0
6,2022-10-08,14,8,0
6,2022-10-08,22,8,0
9,2022-10-08,6.5,8,0
9,2022-10-08,14.5,8,0
9,2022-10-08,22.5,8,0
2,2022-10-09,6,12,-1
2,2022-10-09,18,12,0
3,2022-10-09,7,8,-1
3,2022-10-09,15,8,0
3,2022-10-09,23,8,0
6,2022-10-09,6,8,0
6,2022-10-09,14,8,0
6,2022-10-09,22,8,0
9,2022-10-09,6.5,8,0
9,2022-10-09,14.5,8,0
9,2022-10-09,22.5,8,0
2,2022-10-10,6,12,-1
2,2022-10-10,18,12,0
3,2022-10-10,7,8,-1
3,2022-10-10,15,8,0
3,2022-10-10,23,8,0
6,2022-10-10,6,8,0
6,2022-10-10,14,8,0
6,2022-10-10,22,8,0
9,2022-10-10,6.5,8,0
9,2022-10-10,14.5,8,0
9,2022-10-10,22.5,8,0
2,2022-10-11,6,12,-1
2,2022-10-11,18,12,0
3,2022-10-11,7,8,-1
3,2022-10-11,15,8,0
3,2022-10-11,23,8,0
6,2022-10-11,6,8,0
6,2022-10-11,14,8,0
6,2022-10-11,22,8,0
9,2022-10-11,6.5,8,0
9,2022-10-11,14.5,8,0
9,2022-10-11,22.5,8,0
2,2022-10-12,6,12,-1
2,2022-10-12,18,12,0
3,2022-10-12,7,8,-1
3,2022-10-12,15,8,0
3,2022-10-12,23,8,0
6,2022-10-12,6,8,0
6,2022-10-12,14,8,0
6,2022-10-12,22,8,0
9,2022-10-12,6.5,8,0
9,2022-10-12,14.5,8,0
9,2022-10-12,22.5,8,0
2,2022-10-13,6,12,-1
2,2022-10-13,18,12,0
3,2022-10-13,7,8,-1
3,2022-10-13,15,8,0
3,2022-10-13,23,8,0
6,2022-10-13,6,8,0
6,2022-10-13,14,8,0
6,2022-10-13,22,8,0
9,2022-10-13,6.5,8,0
9,2022-10-13,14.5,8,0
9,2022-10-13,22.5,8,0
2,2022-10-14,6,12,0
2,2022-10-14,18,12,0
3,2022-10-14,7,8,-1
3,2022-10-14,15,8,-1
3,2022-10-14,23,8,-1
6,2022-10-14,6,8,0
6,2022-10-14,14,8,0
6,2022-10-14,22,8,0
9,2022-10-14,6.5,8,0
9,2022-10-14,14.5,8,0
9,2022-10-14,22.5,8,0
2,2022-10-15,6,12,0
2,2022-10-15,18,12,0
3,2022-10-15,7,8,-1
3,2022-10-15,15,8,-1
3,2022-10-15,23,8,-1
6,2022-10-15,6,8,0
6,2022-10-15,14,8,0
6,2022-10-15,22,8,0
9,2022-10-15,6.5,8,0
9,2022-10-15,14.5,8,0
9,2022-10-15,22.5,8,0
2,2022-10-16,6,12,-1
2,2022-10-16,18,12,0
3,2022-10-16,7,8,-1
3,2022-10-16,15,8,0
3,2022-10-16,23,8,0
6,2022-10-16,6,8,0
6,2022-10-16,14,8,0
6,2022-10-16,22,8,0
9,2022-10-16,6.5,8,0
9,2022-10-16,14.5,8,0
9,2022-10-16,22.5,8,0
2,2022-10-17,6,12,-1
2,2022-10-17,18,12,0
3,2022-10-17,7,8,-1
3,2022-10-17,15,8,0
3,2022-10-17,23,8,0
6,2022-10-17,6,8,0
6,2022-10-17,14,8,0
6,2022-10-17,22,8,0
9,2022-10-17,6.5,8,0
9,2022-10-17,14.5,8,0
9,2022-10-17,22.5,8,0
2,2022-10-18,6,12,-1
2,2022-10-18,18,12,0
3,2022-10-18,7,8,-1
3,2022-10-18,15,8,0
3,2022-10-18,23,8,0
6,2022-10-18,6,8,0
6,2022-10-18,14,8,0
6,2022-10-18,22,8,0
9,2022-10-18,6.5,8,0
9,2022-10-18,14.5,8,0
9,2022-10-18,22.5,8,0
2,2022-10-19,6,12,-1
2,2022-10-19,18,12,0
3,2022-10-19,7,8,-1
3,2022-10-19,15,8,0
3,2022-10-19,23,8,0
6,2022-10-19,6,8,0
6,2022-10-19,14,8,0
6,2022-10-19,22,8,0
9,2022-10-19,6.5,8,0
9,2022-10-19,14.5,8,0
9,2022-10-19,22.5,8,0
2,2022-10-20,6,12,-1
2,2022-10-20,18,12,0
3,2022-10-20,7,8,-1
3,2022-10-20,15,8,0
3,2022-10-20,23,8,0
6,2022-10-20,6,8,0
6,2022-10-20,14,8,0
6,2022-10-20,22,8,0
9,2022-10-20,6.5,8,0
9,2022-10-20,14.5,8,0
9,2022-10-20,22.5,8,0
2,2022-10-21,6,12,0
2,2022-10-21,18,12,0
3,2022-10-21,7,8,-1
3,2022-10-21,15,8,-1
3,2022-10-21,23,8,-1
6,2022-10-21,6,8,0
6,2022-10-21,14,8,0
6,2022-10-21,22,8,0
9,2022-10-21,6.5,8,0
9,2022-10-21,14.5,8,0
9,2022-10-21,22.5,8,0
2,2022-10-22,6,12,0
2,2022-10-22,18,12,0
3,2022-10-22,7,8,-1
3,2022-10-22,15,8,-1
3,2022-10-22,23,8,-1
6,2022-10-22,6,8,0
6,2022-10-22,14,8,0
6,2022-10-22,22,8,0
9,2022-10-22,6.5,8,0
9,2022-10-22,14.5,8,0
9,2022-10-22,22.5,8,0
2,2022-10-23,6,12,-1
2,2022-10-23,18,12,0
3,2022-10-23,7,8,-1
3,2022-10-23,15,8,0
3,2022-10-23,23,8,0
6,2022-10-23,6,8,0
6,2022-10-23,14,8,0
6,2022-10-23,22,8,0
9,2022-10-23,6.5,8,0
9,2022-10-23,14.5,8,0
9,2022-10-23,22.5,8,0
2,2022-10-24,6,12,-1
2,2022-10-24,18,12,0
3,2022-10-24,7,8,-1
3,2022-10-24,15,8,0
3,2022-10-24,23,8,0
6,2022-10-24,6,8,0
6,2022-10-24,14,8,0
6,2022-10-24,22,8,0
9,2022-10-24,6.5,8,0
9,2022-10-24,14.5,8,0
9,2022-10-24,22.5,8,0
2,2022-10-25,6,12,-1
2,2022-10-25,18,12,0
3,2022-10-25,7,8,-1
3,2022-10-25,15,8,0
3,2022-10-25,23,8,0
6,2022-10-25,6,8,0
6,2022-10-25,14,8,0
6,2022-10-25,22,8,0
9,2022-10-25,6.5,8,0
9,2022-10-25,14.5,8,0
9,2022-10-25,22.5,8,0
2,2022-10-26,6,12,-1
2,2022-10-26,18,12,0
3,2022-10-26,7,8,-1
3,2022-10-26,15,8,0
3,2022-10-26,23,8,0
6,2022-10-26,6,8,0
6,2022-10-26,14,8,0
6,2022-10-26,22,8,0
9,2022-10-26,6.5,8,0
9,2022-10-26,14.5,8,0
9,2022-10-26,22.5,8,0
2,2022-10-27,6,12,-1
2,2022-10-27,18,12,0
3,2022-10-27,7,8,-1
3,2022-10-27,15,8,0
3,2022-10-27,23,8,0
6,2022-10-27,6,8,0
6,2022-10-27,14,8,0
6,2022-10-27,22,8,0
9,2022-10-27,6.5,8,0
9,2022-10-27,14.5,8,0
9,2022-10-27,22.5,8,0
2,2022-10-28,6,12,0
2,2022-10-28,18,12,0
3,2022-10-28,7,8,-1
3,2022-10-28,15,8,-1
3,2022-10-28,23,8,-1
6,2022-10-28,6,8,0
6,2022-10-28,14,8,0
6,2022-10-28,22,8,0
9,2022-10-28,6.5,8,0
9,2022-10-28,14.5,8,0
9,2022-10-28,22.5,8,0
2,2022-10-29,6,12,0
2,2022-10-29,18,12,0
3,2022-10-29,7,8,-1
3,2022-10-29,15,8,-1
3,2022-10-29,23,8,-1
6,2022-10-29,6,8,0
6,2022-10-29,14,8,0
6,2022-10-29,22,8,0
9,2022-10-29,6.5,8,0
9,2022-10-29,14.5,8,0
9,2022-10-29,22.5,8,0
2,2022-10-30,6,12,-1
2,2022-10-30,18,12,0
3,2022-10-30,7,8,-1
3,2022-10-30,15,8,0
3,2022-10-30,23,8,0
6,2022-10-30,6,8,0
6,2022-10-30,14,8,0
6,2022-10-30,22,8,0
9,2022-10-30,6.5,8,0
9,2022-10-30,14.5,8,0
9,2022-10-30,22.5,8,0
2,2022-11-01,6,12,-1
2,2022-11-01,18,12,0
3,2022-11-01,7,8,-1
3,2022-11-01,15,8,0
3,2022-11-01,23,8,0
6,2022-11-01,6,8,0
6,2022-11-01,14,8,0
6,2022-11-01,22,8,0
9,2022-11-01,6.5,8,0
9,2022-11-01,14.5,8,0
9,2022-11-01,22.5,8,0
2,2022-11-02,6,12,-1
2,2022-11-02,18,12,0
3,2022-11-02,7,8,-1
3,2022-11-02,15,8,0
3,2022-11-02,23,8,0
6,2022-11-02,6,8,0
6,2022-11-02,14,8,0
6,2022-11-02,22,8,0
9,2022-11-02,6.5,8,0
9,2022-11-02,14.5,8,0
9,2022-11-02,22.5,8,0
2,2022-11-03,6,12,-1
2,2022-11-03,18,12,0
3,2022-11-03,7,8,-1
3,2022-11-03,15,8,0
3,2022-11-03,23,8,0
6,2022-11-03,6,8,0
6,2022-11-03,14,8,0
6,2022-11-03,22,8,0
9,2022-11-03,6.5,8,0
9,2022-11-03,14.5,8,0
9,2022-11-03,22.5,8,0
2,2022-11-04,6,12,0
2,2022-11-04,18,12,0
3,2022-11-04,7,8,-1
3,2022-11-04,15,8,-1
3,2022-11-04,23,8,-1
6,2022-11-04,6,8,0
6,2022-11-04,14,8,0
6,2022-11-04,22,8,0
9,2022-11-04,6.5,8,0
9,2022-11-04,14.5,8,0
9,2022-11-04,22.5,8,0
2,2022-11-05,6,12,0
2,2022-11-05,18,12,0
3,2022-11-05,7,8,-1
3,2022-11-05,15,8,-1
3,2022-11-05,23,8,-1
6,2022-11-05,6,8,0
6,2022-11-05,14,8,0
6,2022-11-05,22,8,0
9,2022-11-05,6.5,8,0
9,2022-11-05,14.5,8,0
9,2022-11-05,22.5,8,0
2,2022-11-06,6,12,-1
2,2022-11-06,18,12,0
3,2022-11-06,7,8,-1
3,2022-11-06,15,8,0
3,2022-11-06,23,8,0
6,2022-11-06,6,8,0
6,2022-11-06,14,8,0
6,2022-11-06,22,8,0
9,2022-11-06,6.5,8,0
9,2022-11-06,14.5,8,0
9,2022-11-06,22.5,8,0
2,2022-11-07,6,12,-1
2,2022-11-07,18,12,0
3,2022-11-07,7,8,-1
3,2022-11-07,15,8,0
3,2022-11-07,23,8,0
6,2022-11-07,6,8,0
6,2022-11-07,14,8,0
6,2022-11-07,22,8,0
9,2022-11-07,6.5,8,0
9,2022-11-07,14.5,8,0
9,2022-11-07,22.5,8,0
2,2022-11-08,6,12,-1
2,2022-11-08,18,12,0
3,2022-11-08,7,8,-1
3,2022-11-08,15,8,0
3,2022-11-08,23,8,0
6,2022-11-08,6,8,0
6,2022-11-08,14,8,0
6,2022-11-08,22,8,0
9,2022-11-08,6.5,8,0
9,2022-11-08,14.5,8,0
9,2022-11-08,22.5,8,0
2,2022-11-09,6,12,-1
2,2022-11-09,18,12,0
3,2022-11-09,7,8,-1
3,2022-11-09,15,8,0
3,2022-11-09,23,8,0
6,2022-11-09,6,8,0
6,2022-11-09,14,8,0
6,2022-11-09,22,8,0
9,2022-11-09,6.5,8,0
9,2022-11-09,14.5,8,0
9,2022-11-09,22.5,8,0
2,2022-11-10,6,12,-1
2,2022-11-10,18,12,0
3,2022-11-10,7,8,-1
3,2022-11-10,15,8,0
3,2022-11-10,23,8,0
6,2022-11-10,6,8,0
6,2022-11-10,14,8,0
6,2022-11-10,22,8,0
9,2022-11-10,6.5,8,0
9,2022-11-10,14.5,8,0
9,2022-11-10,22.5,8,0
2,2022-11-11,6,12,0
2,2022-11-11,18,12,0
3,2022-11-11,7,8,-1
3,2022-11-11,15,8,-1
3,2022-11-11,23,8,-1
6,2022-11-11,6,8,0
6,2022-11-11,14,8,0
6,2022-11-11,22,8,0
9,2022-11-11,6.5,8,0
9,2022-11-11,14.5,8,0
9,2022-11-11,22.5,8,0
2,2022-11-12,6,12,0
2,2022-11-12,18,12,0
3,2022-11-12,7,8,-1
3,2022-11-12,15,8,-1
3,2022-11-12,23,8,-1
6,2022-11-12,6,8,0
6,2022-11-12,14,8,0
6,2022-11-12,22,8,0
9,2022-11-12,6.5,8,0
9,2022-11-12,14.5,8,0
9,2022-11-12,22.5,8,0
2,2022-11-13,6,12,-1
2,2022-11-13,18,12,0
3,2022-11-13,7,8,-1
3,2022-11-13,15,8,0
3,2022-11-13,23,8,0
6,2022-11-13,6,8,0
6,2022-11-13,14,8,0
6,2022-11-13,22,8,0
9,2022-11-13,6.5,8,0
9,2022-11-13,14.5,8,0
9,2022-11-13,22.5,8,0
2,2022-11-14,6,12,-1
2,2022-11-14,18,12,0
3,2022-11-14,7,8,-1
3,2022-11-14,15,8,0
3,2022-11-14,23,8,0
6,2022-11-14,6,8,0
6,2022-11-14,14,8,0
6,2022-11-14,22,8,0
9,2022-11-14,6.5,8,0
9,2022-11-14,14.5,8,0
9,2022-11-14,22.5,8,0
2,2022-11-15,6,12,-1
2,2022-11-15,18,12,0
3,2022-11-15,7,8,-1
3,2022-11-15,15,8,0
3,2022-11-15,23,8,0
6,2022-11-15,6,8,0
6,2022-11-15,14,8,0
6,2022-11-15,22,8,0
9,2022-11-15,6.5,8,0
9,2022-11-15,14.5,8,0
9,2022-11-15,22.5,8,0
2,2022-11-16,6,12,-1
2,2022-11-16,18,12,0
3,2022-11-16,7,8,-1
3,2022-11-16,15,8,0
3,2022-11-16,23,8,0
6,2022-11-16,6,8,0
6,2022-11-16,14,8,0
6,2022-11-16,22,8,0
9,2022-11-16,6.5,8,0
9,2022-11-16,14.5,8,0
9,2022-11-16,22.5,8,0
2,2022-11-17,6,12,-1
2,2022-11-17,18,12,0
3,2022-11-17,7,8,-1
3,2022-11-17,15,8,0
3,2022-11-17,23,8,0
6,2022-11-17,6,8,0
6,2022-11-17,14,8,0
6,2022-11-17,22,8,0
9,2022-11-17,6.5,8,0
9,2022-11-17,14.5,8,0
9,2022-11-17,22.5,8,0
2,2022-11-18,6,12,0
2,2022-11-18,18,12,0
3,2022-11-18,7,8,-1
3,2022-11-18,15,8,-1
3,2022-11-18,23,8,-1
6,2022-11-18,6,8,0
6,2022-11-18,14,8,0
6,2022-11-18,22,8,0
9,2022-11-18,6.5,8,0
9,2022-11-18,14.5,8,0
9,2022-11-18,22.5,8,0
2,2022-11-19,6,12,0
2,2022-11-19,18,12,0
3,2022-11-19,7,8,-1
3,2022-11-19,15,8,-1
3,2022-11-19,23,8,-1
6,2022-11-19,6,8,0
6,2022-11-19,14,8,0
6,2022-11-19,22,8,0
9,2022-11-19,6.5,8,0
9,2022-11-19,14.5,8,0
9,2022-11-19,22.5,8,0
2,2022-11-20,6,12,-1
2,2022-11-20,18,12,0
3,2022-11-20,7,8,-1
3,2022-11-20,15,8,0
3,2022-11-20,23,8,0
6,2022-11-20,6,8,0
6,2022-11-20,14,8,0
6,2022-11-20,22,8,0
9,2022-11-20,6.5,8,0
9,2022-11-20,14.5,8,0
9,2022-11-20,22.5,8,0
2,2022-11-21,6,12,-1
2,2022-11-21,18,12,0
3,2022-11-21,7,8,-1
3,2022-11-21,15,8,0
3,2022-11-21,23,8,0
6,2022-11-21,6,8,0
6,2022-11-21,14,8,0
6,2022-11-21,22,8,0
9,2022-11-21,6.5,8,0
9,2022-11-21,14.5,8,0
9,2022-11-21,22.5,8,0
2,2022-11-22,6,12,-1
2,2022-11-22,18,12,0
3,2022-11-22,7,8,-1
3,2022-11-22,15,8,0
3,2022-11-22,23,8,0
6,2022-11-22,6,8,0
6,2022-11-22,14,8,0
6,2022-11-22,22,8,0
9,2022-11-22,6.5,8,0
9,2022-11-22,14.5,8,0
9,2022-11-22,22.5,8,0
2,2022-11-23,6,12,-1
2,2022-11-23,18,12,0
3,2022-11-23,7,8,-1
3,2022-11-23,15,8,0
3,2022-11-23,23,8,0
6,2022-11-23,6,8,0
6,2022-11-23,14,8,0
6,2022-11-23,22,8,0
9,2022-11-23,6.5,8,0
9,2022-11-23,14.5,8,0
9,2022-11-23,22.5,8,0
2,2022-11-24,6,12,-1
2,2022-11-24,18,12,0
3,2022-11-24,7,8,-1
3,2022-11-24,15,8,0
3,2022-11-24,23,8,0
6,2022-11-24,6,8,0
6,2022-11-24,14,8,0
6,2022-11-24,22,8,0
9,2022-11-24,6.5,8,0
9,2022-11-24,14.5,8,0
9,2022-11-24,22.5,8,0
2,2022-11-25,6,12,0
2,2022-11-25,18,12,0
3,2022-11-25,7,8,-1
3,2022-11-25,15,8,-1
3,2022-11-25,23,8,-1
6,2022-11-25,6,8,0
6,2022-11-25,14,8,0
6,2022-11-25,22,8,0
9,2022-11-25,6.5,8,0
9,2022-11-25,14.5,8,0
9,2022-11-25,22.5,8,0
2,2022-11-26,6,12,0
2,2022-11-26,18,12,0
3,2022-11-26,7,8,-1
3,2022-11-26,15,8,-1
3,2022-11-26,23,8,-1
6,2022-11-26,6,8,0
6,2022-11-26,14,8,0
6,2022-11-26,22,8,0
9,2022-11-26,6.5,8,0
9,2022-11-26,14.5,8,0
9,2022-11-26,22.5,8,0
2,2022-11-27,6,12,-1
2,2022-11-27,18,12,0
3,2022-11-27,7,8,-1
3,2022-11-27,15,8,0
3,2022-11-27,23,8,0
6,2022-11-27,6,8,0
6,2022-11-27,14,8,0
6,2022-11-27,22,8,0
9,2022-11-27,6.5,8,0
9,2022-11-27,14.5,8,0
9,2022-11-27,22.5,8,0
2,2022-11-28,6,12,-1
2,2022-11-28,18,12,0
3,2022-11-28,7,8,-1
3,2022-11-28,15,8,0
3,2022-11-28,23,8,0
6,2022-11-28,6,8,0
6,2022-11-28,14,8,0
6,2022-11-28,22,8,0
9,2022-11-28,6.5,8,0
9,2022-11-28,14.5,8,0
9,2022-11-28,22.5,8,0
2,2022-11-29,6,12,-1
2,2022-11-29,18,12,0
3,2022-11-29,7,8,-1
3,2022-11-29,15,8,0
3,2022-11-29,23,8,0
6,2022-11-29,6,8,0
6,2022-11-29,14,8,0
6,2022-11-29,22,8,0
9,2022-11-29,6.5,8,0
9,2022-11-29,14.5,8,0
9,2022-11-29,22.5,8,0
2,2022-11-30,6,12,-1
2,2022-11-30,18,12,0
3,2022-11-30,7,8,-1
3,2022-11-30,15,8,0
3,2022-11-30,23,8,0
6,2022-11-30,6,8,0
6,2022-11-30,14,8,0
6,2022-11-30,22,8,0
9,2022-11-30,6.5,8,0
9,2022-11-30,14.5,8,0
9,2022-11-30,22.5,8,0
2,2022-12-01,6,12,-1
2,2022-12-01,18,12,0
3,2022-12-01,7,8,-1
3,2022-12-01,15,8,0
3,2022-12-01,23,8,0
6,2022-12-01,6,8,0
6,2022-12-01,14,8,0
6,2022-12-01,22,8,0
9,2022-12-01,6.5,8,0
9,2022-12-01,14.5,8,0
9,2022-12-01,22.5,8,0
2,2022-12-01,6,12,-1
2,2022-12-01,18,12,0
3,2022-12-01,7,8,-1
3,2022-12-01,15,8,0
3,2022-12-01,23,8,0
6,2022-12-01,6,8,0
6,2022-12-01,14,8,0
6,2022-12-01,22,8,0
9,2022-12-01,6.5,8,0
9,2022-12-01,14.5,8,0
9,2022-12-01,22.5,8,0
2,2022-12-02,6,12,0
2,2022-12-02,18,12,0
3,2022-12-02,7,8,-1
3,2022-12-02,15,8,-1
3,2022-12-02,23,8,-1
6,2022-12-02,6,8,0
6,2022-12-02,14,8,0
6,2022-12-02,22,8,0
9,2022-12-02,6.5,8,0
9,2022-12-02,14.5,8,0
9,2022-12-02,22.5,8,0
2,2022-12-03,6,12,0
2,2022-12-03,18,12,0
3,2022-12-03,7,8,-1
3,2022-12-03,15,8,-1
3,2022-12-03,23,8,-1
6,2022-12-03,6,8,0
6,2022-12-03,14,8,0
6,2022-12-03,22,8,0
9,2022-12-03,6.5,8,0
9,2022-12-03,14.5,8,0
9,2022-12-03,22.5,8,0
2,2022-12-04,6,12,-1
2,2022-12-04,18,12,0
3,2022-12-04,7,8,-1
3,2022-12-04,15,8,0
3,2022-12-04,23,8,0
6,2022-12-04,6,8,0
6,2022-12-04,14,8,0
6,2022-12-04,22,8,0
9,2022-12-04,6.5,8,0
9,2022-12-04,14.5,8,0
9,2022-12-04,22.5,8,0
2,2022-12-05,6,12,-1
2,2022-12-05,18,12,0
3,2022-12-05,7,8,-1
3,2022-12-05,15,8,0
3,2022-12-05,23,8,0
6,2022-12-05,6,8,0
6,2022-12-05,14,8,0
6,2022-12-05,22,8,0
9,2022-12-05,6.5,8,0
9,2022-12-05,14.5,8,0
9,2022-12-05,22.5,8,0
2,2022-12-06,6,12,-1
2,2022-12-06,18,12,0
3,2022-12-06,7,8,-1
3,2022-12-06,15,8,0
3,2022-12-06,23,8,0
6,2022-12-06,6,8,0
6,2022-12-06,14,8,0
6,2022-12-06,22,8,0
9,2022-12-06,6.5,8,0
9,2022-12-06,14.5,8,0
9,2022-12-06,22.5,8,0
2,2022-12-07,6,12,-1
2,2022-12-07,18,12,0
3,2022-12-07,7,8,-1
3,2022-12-07,15,8,0
3,2022-12-07,23,8,0
6,2022-12-07,6,8,0
6,2022-12-07,14,8,0
6,2022-12-07,22,8,0
9,2022-12-07,6.5,8,0
9,2022-12-07,14.5,8,0
9,2022-12-07,22.5,8,0
2,2022-12-08,6,12,-1
2,2022-12-08,18,12,0
3,2022-12-08,7,8,-1
3,2022-12-08,15,8,0
3,2022-12-08,23,8,0
6,2022-12-08,6,8,0
6,2022-12-08,14,8,0
6,2022-12-08,22,8,0
9,2022-12-08,6.5,8,0
9,2022-12-08,14.5,8,0
9,2022-12-08,22.5,8,0
2,2022-12-09,6,12,0
2,2022-12-09,18,12,0
3,2022-12-09,7,8,-1
3,2022-12-09,15,8,-1
3,2022-12-09,23,8,-1
6,2022-12-09,6,8,0
6,2022-12-09,14,8,0
6,2022-12-09,22,8,0
9,2022-12-09,6.5,8,0
9,2022-12-09,14.5,8,0
9,2022-12-09,22.5,8,0
2,2022-12-10,6,12,0
2,2022-12-10,18,12,0
3,2022-12-10,7,8,-1
3,2022-12-10,15,8,-1
3,2022-12-10,23,8,-1
6,2022-12-10,6,8,0
6,2022-12-10,14,8,0
6,2022-12-10,22,8,0
9,2022-12-10,6.5,8,0
9,2022-12-10,14.5,8,0
9,2022-12-10,22.5,8,0
2,2022-12-11,6,12,-1
2,2022-12-11,18,12,0
3,2022-12-11,7,8,-1
3,2022-12-11,15,8,0
3,2022-12-11,23,8,0
6,2022-12-11,6,8,0
6,2022-12-11,14,8,0
6,2022-12-11,22,8,0
9,2022-12-11,6.5,8,0
9,2022-12-11,14.5,8,0
9,2022-12-11,22.5,8,0
2,2022-12-12,6,12,-1
2,2022-12-12,18,12,0
3,2022-12-12,7,8,-1
3,2022-12-12,15,8,0
3,2022-12-12,23,8,0
6,2022-12-12,6,8,0
6,2022-12-12,14,8,0
6,2022-12-12,22,8,0
9,2022-12-12,6.5,8,0
9,2022-12-12,14.5,8,0
9,2022-12-12,22.5,8,0
2,2022-12-13,6,12,-1
2,2022-12-13,18,12,0
3,2022-12-13,7,8,-1
3,2022-12-13,15,8,0
3,2022-12-13,23,8,0
6,2022-12-13,6,8,0
6,2022-12-13,14,8,0
6,2022-12-13,22,8,0
9,2022-12-13,6.5,8,0
9,2022-12-13,14.5,8,0
9,2022-12-13,22.5,8,0
2,2022-12-14,6,12,-1
2,2022-12-14,18,12,0
3,2022-12-14,7,8,-1
3,2022-12-14,15,8,0
3,2022-12-14,23,8,0
6,2022-12-14,6,8,0
6,2022-12-14,14,8,0
6,2022-12-14,22,8,0
9,2022-12-14,6.5,8,0
9,2022-12-14,14.5,8,0
9,2022-12-14,22.5,8,0
2,2022-12-15,6,12,-1
2,2022-12-15,18,12,0
3,2022-12-15,7,8,-1
3,2022-12-15,15,8,0
3,2022-12-15,23,8,0
6,2022-12-15,6,8,0
6,2022-12-15,14,8,0
6,2022-12-15,22,8,0
9,2022-12-15,6.5,8,0
9,2022-12-15,14.5,8,0
9,2022-12-15,22.5,8,0
2,2022-12-16,6,12,0
2,2022-12-16,18,12,0
3,2022-12-16,7,8,-1
3,2022-12-16,15,8,-1
3,2022-12-16,23,8,-1
6,2022-12-16,6,8,0
6,2022-12-16,14,8,0
6,2022-12-16,22,8,0
9,2022-12-16,6.5,8,0
9,2022-12-16,14.5,8,0
9,2022-12-16,22.5,8,0
2,2022-12-17,6,12,0
2,2022-12-17,18,12,0
3,2022-12-17,7,8,-1
3,2022-12-17,15,8,-1
3,2022-12-17,23,8,-1
6,2022-12-17,6,8,0
6,2022-12-17,14,8,0
6,2022-12-17,22,8,0
9,2022-12-17,6.5,8,0
9,2022-12-17,14.5,8,0
9,2022-12-17,22.5,8,0
2,2022-12-18,6,12,-1
2,2022-12-18,18,12,0
3,2022-12-18,7,8,-1
3,2022-12-18,15,8,0
3,2022-12-18,23,8,0
6,2022-12-18,6,8,0
6,2022-12-18,14,8,0
6,2022-12-18,22,8,0
9,2022-12-18,6.5,8,0
9,2022-12-18,14.5,8,0
9,2022-12-18,22.5,8,0
2,2022-12-19,6,12,-1
2,2022-12-19,18,12,0
3,2022-12-19,7,8,-1
3,2022-12-19,15,8,0
3,2022-12-19,23,8,0
6,2022-12-19,6,8,0
6,2022-12-19,14,8,0
6,2022-12-19,22,8,0
9,2022-12-19,6.5,8,0
9,2022-12-19,14.5,8,0
9,2022-12-19,22.5,8,0
2,2022-12-20,6,12,-1
2,2022-12-20,18,12,0
3,2022-12-20,7,8,-1
3,2022-12-20,15,8,0
3,2022-12-20,23,8,0
6,2022-12-20,6,8,0
6,2022-12-20,14,8,0
6,2022-12-20,22,8,0
9,2022-12-20,6.5,8,0
9,2022-12-20,14.5,8,0
9,2022-12-20,22.5,8,0
2,2022-12-21,6,12,-1
2,2022-12-21,18,12,0
3,2022-12-21,7,8,-1
3,2022-12-21,15,8,0
3,2022-12-21,23,8,0
6,2022-12-21,6,8,0
6,2022-12-21,14,8,0
6,2022-12-21,22,8,0
9,2022-12-21,6.5,8,0
9,2022-12-21,14.5,8,0
9,2022-12-21,22.5,8,0
2,2022-12-22,6,12,-1
2,2022-12-22,18,12,0
3,2022-12-22,7,8,-1
3,2022-12-22,15,8,0
3,2022-12-22,23,8,0
6,2022-12-22,6,8,0
6,2022-12-22,14,8,0
6,2022-12-22,22,8,0
9,2022-12-22,6.5,8,0
9,2022-12-22,14.5,8,0
9,2022-12-22,22.5,8,0
2,2022-12-23,6,12,0
2,2022-12-23,18,12,0
3,2022-12-23,7,8,-1
3,2022-12-23,15,8,-1
3,2022-12-23,23,8,-1
6,2022-12-23,6,8,0
6,2022-12-23,14,8,0
6,2022-12-23,22,8,0
9,2022-12-23,6.5,8,0
9,2022-12-23,14.5,8,0
9,2022-12-23,22.5,8,0
2,2022-12-24,6,12,0
2,2022-12-24,18,12,0
3,2022-12-24,7,8,-1
3,2022-12-24,15,8,-1
3,2022-12-24,23,8,-1
6,2022-12-24,6,8,0
6,2022-12-24,14,8,0
6,2022-12-24,22,8,0
9,2022-12-24,6.5,8,0
9,2022-12-24,14.5,8,0
9,2022-12-24,22.5,8,0
2,2022-12-25,6,12,-1
2,2022-12-25,18,12,0
3,2022-12-25,7,8,-1
3,2022-12-25,15,8,0
3,2022-12-25,23,8,0
6,2022-12-25,6,8,0
6,2022-12-25,14,8,0
6,2022-12-25,22,8,0
9,2022-12-25,6.5,8,0
9,2022-12-25,14.5,8,0
9,2022-12-25,22.5,8,0
2,2022-12-26,6,12,-1
2,2022-12-26,18,12,0
3,2022-12-26,7,8,-1
3,2022-12-26,15,8,0
3,2022-12-26,23,8,0
6,2022-12-26,6,8,0
6,2022-12-26,14,8,0
6,2022-12-26,22,8,0
9,2022-12-26,6.5,8,0
9,2022-12-26,14.5,8,0
9,2022-12-26,22.5,8,0
2,2022-12-27,6,12,-1
2,2022-12-27,18,12,0
3,2022-12-27,7,8,-1
3,2022-12-27,15,8,0
3,2022-12-27,23,8,0
6,2022-12-27,6,8,0
6,2022-12-27,14,8,0
6,2022-12-27,22,8,0
9,2022-12-27,6.5,8,0
9,2022-12-27,14.5,8,0
9,2022-12-27,22.5,8,0
2,2022-12-28,6,12,-1
2,2022-12-28,18,12,0
3,2022-12-28,7,8,-1
3,2022-12-28,15,8,0
3,2022-12-28,23,8,0
6,2022-12-28,6,8,0
6,2022-12-28,14,8,0
6,2022-12-28,22,8,0
9,2022-12-28,6.5,8,0
9,2022-12-28,14.5,8,0
9,2022-12-28,22.5,8,0
2,2022-12-29,6,12,-1
2,2022-12-29,18,12,0
3,2022-12-29,7,8,-1
3,2022-12-29,15,8,0
3,2022-12-29,23,8,0
6,2022-12-29,6,8,0
6,2022-12-29,14,8,0
6,2022-12-29,22,8,0
9,2022-12-29,6.5,8,0
9,2022-12-29,14.5,8,0
9,2022-12-29,22.5,8,0
2,2022-12-30,6,12,0
2,2022-12-30,18,12,0
3,2022-12-30,7,8,-1
3,2022-12-30,15,8,-1
3,2022-12-30,23,8,-1
6,2022-12-30,6,8,0
6,2022-12-30,14,8,0
6,2022-12-30,22,8,0
9,2022-12-30,6.5,8,0
9,2022-12-30,14.5,8,0
9,2022-12-30,22.5,8,0
2,2023-01-01,6,12,-1
2,2023-01-01,18,12,0
3,2023-01-01,7,8,-1
3,2023-01-01,15,8,0
3,2023-01-01,23,8,0
6,2023-01-01,6,8,0
6,2023-01-01,14,8,0
6,2023-01-01,22,8,0
9,2023-01-01,6.5,8,0
9,2023-01-01,14.5,8,0
9,2023-01-01,22.5,8,0
2,2023-01-02,6,12,-1
2,2023-01-02,18,12,0
3,2023-01-02,7,8,-1
3,2023-01-02,15,8,0
3,2023-01-02,23,8,0
6,2023-01-02,6,8,0
6,2023-01-02,14,8,0
6,2023-01-02,22,8,0
9,2023-01-02,6.5,8,0
9,2023-01-02,14.5,8,0
9,2023-01-02,22.5,8,0
2,2023-01-03,6,12,-1
2,2023-01-03,18,12,0
3,2023-01-03,7,8,-1
3,2023-01-03,15,8,0
3,2023-01-03,23,8,0
6,2023-01-03,6,8,0
6,2023-01-03,14,8,0
6,2023-01-03,22,8,0
9,2023-01-03,6.5,8,0
9,2023-01-03,14.5,8,0
9,2023-01-03,22.5,8,0
2,2023-01-04,6,12,-1
2,2023-01-04,18,12,0
3,2023-01-04,7,8,-1
3,2023-01-04,15,8,0
3,2023-01-04,23,8,0
6,2023-01-04,6,8,0
6,2023-01-04,14,8,0
6,2023-01-04,22,8,0
9,2023-01-04,6.5,8,0
9,2023-01-04,14.5,8,0
9,2023-01-04,22.5,8,0
2,2023-01-05,6,12,-1
2,2023-01-05,18,12,0
3,2023-01-05,7,8,-1
3,2023-01-05,15,8,0
3,2023-01-05,23,8,0
6,2023-01-05,6,8,0
6,2023-01-05,14,8,0
6,2023-01-05,22,8,0
9,2023-01-05,6.5,8,0
9,2023-01-05,14.5,8,0
9,2023-01-05,22.5,8,0
2,2023-01-06,6,12,0
2,2023-01-06,18,12,0
3,2023-01-06,7,8,-1
3,2023-01-06,15,8,-1
3,2023-01-06,23,8,-1
6,2023-01-06,6,8,0
6,2023-01-06,14,8,0
6,2023-01-06,22,8,0
9,2023-01-06,6.5,8,0
9,2023-01-06,14.5,8,0
9,2023-01-06,22.5,8,0
2,2023-01-07,6,12,0
2,2023-01-07,18,12,0
3,2023-01-07,7,8,-1
3,2023-01-07,15,8,-1
3,2023-01-07,23,8,-1
6,2023-01-07,6,8,0
6,2023-01-07,14,8,0
6,2023-01-07,22,8,0
9,2023-01-07,6.5,8,0
9,2023-01-07,14.5,8,0
9,2023-01-07,22.5,8,0
2,2023-01-08,6,12,-1
2,2023-01-08,18,12,0
3,2023-01-08,7,8,-1
3,2023-01-08,15,8,0
3,2023-01-08,23,8,0
6,2023-01-08,6,8,0
6,2023-01-08,14,8,0
6,2023-01-08,22,8,0
9,2023-01-08,6.5,8,0
9,2023-01-08,14.5,8,0
9,2023-01-08,22.5,8,0
2,2023-01-09,6,12,-1
2,2023-01-09,18,12,0
3,2023-01-09,7,8,-1
3,2023-01-09,15,8,0
3,2023-01-09,23,8,0
6,2023-01-09,6,8,0
6,2023-01-09,14,8,0
6,2023-01-09,22,8,0
9,2023-01-09,6.5,8,0
9,2023-01-09,14.5,8,0
9,2023-01-09,22.5,8,0
2,2023-01-10,6,12,-1
2,2023-01-10,18,12,0
3,2023-01-10,7,8,-1
3,2023-01-10,15,8,0
3,2023-01-10,23,8,0
6,2023-01-10,6,8,0
6,2023-01-10,14,8,0
6,2023-01-10,22,8,0
9,2023-01-10,6.5,8,0
9,2023-01-10,14.5,8,0
9,2023-01-10,22.5,8,0
2,2023-01-11,6,12,-1
2,2023-01-11,18,12,0
3,2023-01-11,7,8,-1
3,2023-01-11,15,8,0
3,2023-01-11,23,8,0
6,2023-01-11,6,8,0
6,2023-01-11,14,8,0
6,2023-01-11,22,8,0
9,2023-01-11,6.5,8,0
9,2023-01-11,14.5,8,0
9,2023-01-11,22.5,8,0
2,2023-01-12,6,12,-1
2,2023-01-12,18,12,0
3,2023-01-12,7,8,-1
3,2023-01-12,15,8,0
3,2023-01-12,23,8,0
6,2023-01-12,6,8,0
6,2023-01-12,14,8,0
6,2023-01-12,22,8,0
9,2023-01-12,6.5,8,0
9,2023-01-12,14.5,8,0
9,2023-01-12,22.5,8,0
2,2023-01-13,6,12,0
2,2023-01-13,18,12,0
3,2023-01-13,7,8,-1
3,2023-01-13,15,8,-1
3,2023-01-13,23,8,-1
6,2023-01-13,6,8,0
6,2023-01-13,14,8,0
6,2023-01-13,22,8,0
9,2023-01-13,6.5,8,0
9,2023-01-13,14.5,8,0
9,2023-01-13,22.5,8,0
2,2023-01-14,6,12,0
2,2023-01-14,18,12,0
3,2023-01-14,7,8,-1
3,2023-01-14,15,8,-1
3,2023-01-14,23,8,-1
6,2023-01-14,6,8,0
6,2023-01-14,14,8,0
6,2023-01-14,22,8,0
9,2023-01-14,6.5,8,0
9,2023-01-14,14.5,8,0
9,2023-01-14,22.5,8,0
2,2023-01-15,6,12,-1
2,2023-01-15,18,12,0
3,2023-01-15,7,8,-1
3,2023-01-15,15,8,0
3,2023-01-15,23,8,0
6,2023-01-15,6,8,0
6,2023-01-15,14,8,0
6,2023-01-15,22,8,0
9,2023-01-15,6.5,8,0
9,2023-01-15,14.5,8,0
9,2023-01-15,22.5,8,0
2,2023-01-16,6,12,-1
2,2023-01-16,18,12,0
3,2023-01-16,7,8,-1
3,2023-01-16,15,8,0
3,2023-01-16,23,8,0
6,2023-01-16,6,8,0
6,2023-01-16,14,8,0
6,2023-01-16,22,8,0
9,2023-01-16,6.5,8,0
9,2023-01-16,14.5,8,0
9,2023-01-16,22.5,8,0
2,2023-01-17,6,12,-1
2,2023-01-17,18,12,0
3,2023-01-17,7,8,-1
3,2023-01-17,15,8,0
3,2023-01-17,23,8,0
6,2023-01-17,6,8,0
6,2023-01-17,14,8,0
6,2023-01-17,22,8,0
9,2023-01-17,6.5,8,0
9,2023-01-17,14.5,8,0
9,2023-01-17,22.5,8,0
2,2023-01-18,6,12,-1
2,2023-01-18,18,12,0
3,2023-01-18,7,8,-1
3,2023-01-18,15,8,0
3,2023-01-18,23,8,0
6,2023-01-18,6,8,0
6,2023-01-18,14,8,0
6,2023-01-18,22,8,0
9,2023-01-18,6.5,8,0
9,2023-01-18,14.5,8,0
9,2023-01-18,22.5,8,0
2,2023-01-19,6,12,-1
2,2023-01-19,18,12,0
3,2023-01-19,7,8,-1
3,2023-01-19,15,8,0
3,2023-01-19,23,8,0
6,2023-01-19,6,8,0
6,2023-01-19,14,8,0
6,2023-01-19,22,8,0
9,2023-01-19,6.5,8,0
9,2023-01-19,14.5,8,0
9,2023-01-19,22.5,8,0
2,2023-01-20,6,12,0
2,2023-01-20,18,12,0
3,2023-01-20,7,8,-1
3,2023-01-20,15,8,-1
3,2023-01-20,23,8,-1
6,2023-01-20,6,8,0
6,2023-01-20,14,8,0
6,2023-01-20,22,8,0
9,2023-01-20,6.5,8,0
9,2023-01-20,14.5,8,0
9,2023-01-20,22.5,8,0
2,2023-01-21,6,12,0
2,2023-01-21,18,12,0
3,2023-01-21,7,8,-1
3,2023-01-21,15,8,-1
3,2023-01-21,23,8,-1
6,2023-01-21,6,8,0
6,2023-01-21,14,8,0
6,2023-01-21,22,8,0
9,2023-01-21,6.5,8,0
9,2023-01-21,14.5,8,0
9,2023-01-21,22.5,8,0
2,2023-01-22,6,12,-1
2,2023-01-22,18,12,0
3,2023-01-22,7,8,-1
3,2023-01-22,15,8,0
3,2023-01-22,23,8,0
6,2023-01-22,6,8,0
6,2023-01-22,14,8,0
6,2023-01-22,22,8,0
9,2023-01-22,6.5,8,0
9,2023-01-22,14.5,8,0
9,2023-01-22,22.5,8,0
2,2023-01-23,6,12,-1
2,2023-01-23,18,12,0
3,2023-01-23,7,8,-1
3,2023-01-23,15,8,0
3,2023-01-23,23,8,0
6,2023-01-23,6,8,0
6,2023-01-23,14,8,0
6,2023-01-23,22,8,0
9,2023-01-23,6.5,8,0
9,2023-01-23,14.5,8,0
9,2023-01-23,22.5,8,0
2,2023-01-24,6,12,-1
2,2023-01-24,18,12,0
3,2023-01-24,7,8,-1
3,2023-01-24,15,8,0
3,2023-01-24,23,8,0
6,2023-01-24,6,8,0
6,2023-01-24,14,8,0
6,2023-01-24,22,8,0
9,2023-01-24,6.5,8,0
9,2023-01-24,14.5,8,0
9,2023-01-24,22.5,8,0
2,2023-01-25,6,12,-1
2,2023-01-25,18,12,0
3,2023-01-25,7,8,-1
3,2023-01-25,15,8,0
3,2023-01-25,23,8,0
6,2023-01-25,6,8,0
6,2023-01-25,14,8,0
6,2023-01-25,22,8,0
9,2023-01-25,6.5,8,0
9,2023-01-25,14.5,8,0
9,2023-01-25,22.5,8,0
2,2023-01-26,6,12,-1
2,2023-01-26,18,12,0
3,2023-01-26,7,8,-1
3,2023-01-26,15,8,0
3,2023-01-26,23,8,0
6,2023-01-26,6,8,0
6,2023-01-26,14,8,0
6,2023-01-26,22,8,0
9,2023-01-26,6.5,8,0
9,2023-01-26,14.5,8,0
9,2023-01-26,22.5,8,0
2,2023-01-27,6,12,0
2,2023-01-27,18,12,0
3,2023-01-27,7,8,-1
3,2023-01-27,15,8,-1
3,2023-01-27,23,8,-1
6,2023-01-27,6,8,0
6,2023-01-27,14,8,0
6,2023-01-27,22,8,0
9,2023-01-27,6.5,8,0
9,2023-01-27,14.5,8,0
9,2023-01-27,22.5,8,0
2,2023-01-28,6,12,0
2,2023-01-28,18,12,0
3,2023-01-28,7,8,-1
3,2023-01-28,15,8,-1
3,2023-01-28,23,8,-1
6,2023-01-28,6,8,0
6,2023-01-28,14,8,0
6,2023-01-28,22,8,0
9,2023-01-28,6.5,8,0
9,2023-01-28,14.5,8,0
9,2023-01-28,22.5,8,0
2,2023-01-29,6,12,-1
2,2023-01-29,18,12,0
3,2023-01-29,7,8,-1
3,2023-01-29,15,8,0
3,2023-01-29,23,8,0
6,2023-01-29,6,8,0
6,2023-01-29,14,8,0
6,2023-01-29,22,8,0
9,2023-01-29,6.5,8,0
9,2023-01-29,14.5,8,0
9,2023-01-29,22.5,8,0
2,2023-01-30,6,12,-1
2,2023-01-30,18,12,0
3,2023-01-30,7,8,-1
3,2023-01-30,15,8,0
3,2023-01-30,23,8,0
6,2023-01-30,6,8,0
6,2023-01-30,14,8,0
6,2023-01-30,22,8,0
9,2023-01-30,6.5,8,0
9,2023-01-30,14.5,8,0
9,2023-01-30,22.5,8,0
2,2023-01-31,6,12,-1
2,2023-01-31,18,12,0
3,2023-01-31,7,8,-1
3,2023-01-31,15,8,0
3,2023-01-31,23,8,0
6,2023-01-31,6,8,0
6,2023-01-31,14,8,0
6,2023-01-31,22,8,0
9,2023-01-31,6.5,8,0
9,2023-01-31,14.5,8,0
9,2023-01-31,22.5,8,0
2,2023-02-01,6,12,-1
2,2023-02-01,18,12,0
3,2023-02-01,7,8,-1
3,2023-02-01,15,8,0
3,2023-02-01,23,8,0
6,2023-02-01,6,8,0
6,2023-02-01,14,8,0
6,2023-02-01,22,8,0
9,2023-02-01,6.5,8,0
9,2023-02-01,14.5,8,0
9,2023-02-01,22.5,8,0
2,2023-02-02,6,12,-1
2,2023-02-02,18,12,0
3,2023-02-02,7,8,-1
3,2023-02-02,15,8,0
3,2023-02-02,23,8,0
6,2023-02-02,6,8,0
6,2023-02-02,14,8,0
6,2023-02-02,22,8,0
9,2023-02-02,6.5,8,0
9,2023-02-02,14.5,8,0
9,2023-02-02,22.5,8,0
